Compound ID,ESOL predicted log solubility in mols per litre,Minimum Degree,Molecular Weight,Number of H-Bond Donors,Number of Rings,Number of Rotatable Bonds,Polar Surface Area,measured log solubility in mols per litre,smiles
2-Octanone,-1.909,1,128.21499999999995,0,0,5,17.07,-2.05,CCCCCCC(=O)C
Pteridine,-0.906,2,132.12599999999998,0,2,0,51.56,0.02,c2cnc1ncncc1n2
Talbutal,-2.06,1,224.26,2,1,4,75.27000000000001,-2.016,CCC(C)C1(CC=C)C(=O)NC(=O)NC1=O
Nimetazepam,-3.557,1,295.29800000000006,0,3,2,75.81,-3.796,CN2C(=O)CN=C(c1ccccc1)c3cc(ccc23)N(=O)=O
mercaptobenzothiazole,-3.411,1,167.25799999999998,1,2,0,12.89,-3.18,Sc2nc1ccccc1s2 
"Etoposide (148-167,25mg/ml)",-3.292,1,588.5620000000001,3,7,5,160.83,-3.571,COc1cc(cc(OC)c1O)C6C2C(COC2=O)C(OC4OC3COC(C)OC3C(O)C4O)c7cc5OCOc5cc67
Azobenzene,-4.034,2,182.226,0,2,2,24.72,-4.45,N(=Nc1ccccc1)c2ccccc2
nicotinamide,-0.964,1,122.12699999999997,1,1,1,55.98,0.61,NC(=O)c1cccnc1 
Triadimefon,-4.132,1,293.754,0,2,4,57.010000000000005,-3.61,CC(C)(C)C(=O)C(Oc1ccc(Cl)cc1)n2cncn2
"2,2',6,6'-PCB",-5.915,1,291.992,0,2,1,0.0,-7.39,Clc1cccc(Cl)c1c2c(Cl)cccc2Cl 
Diphenylmethane,-4.09,2,168.239,0,2,2,0.0,-4.08,C(c1ccccc1)c2ccccc2
1-Octyne ,-2.509,1,110.2,0,0,4,0.0,-3.66,CCCCCCC#C
Bromoethane,-1.529,1,108.966,0,0,0,0.0,-1.09,CCBr
t-Butylbenzene ,-3.554,1,134.22199999999998,0,1,0,0.0,-3.66,CC(C)(C)c1ccccc1
Metribuzin,-2.324,1,214.294,1,1,1,73.8,-2.253,CSc1nnc(c(=O)n1N)C(C)(C)C
"2,6-Dimethylphenol",-2.589,1,122.167,1,1,0,20.23,-1.29,Cc1cccc(C)c1O
1-Chlorobutane,-1.94,1,92.569,0,0,2,0.0,-2.03,CCCCCl
stadacaine,-5.127999999999999,1,293.40700000000004,0,1,9,38.77,-3.84,CCCCOc1ccc(C(=O)OCC)c(c1)N(CC)CC 
Cyclobutyl-5-spirobarbituric acid,-0.527,1,168.15200000000002,2,2,0,75.27,-1.655,O=C2NC(=O)C1(CCC1)C(=O)N2
Ametryn,-3.43,1,227.337,2,1,5,62.73,-3.04,CCNc1nc(NC(C)C)nc(SC)n1
isoguanine,-1.74,1,151.129,3,2,0,100.71,-3.401,Nc1nc(O)nc2nc[nH]c12 
Flucytosine,-0.132,1,129.09399999999997,2,1,0,71.77,-0.972,Nc1nc(=O)[nH]cc1F
thiamylal,-3.063,1,254.355,2,1,5,58.2,-3.46,CCCC(C)C1(CC=C)C(=O)NC(=S)NC1=O 
Flumethasone,-3.539,1,410.4570000000002,3,4,2,94.83,-5.613,CC1CC2C3CC(F)C4=CC(=O)C=CC4(C)C3(F)C(O)CC2(C)C1(O)C(=O)CO
Phenylmethanol,-1.699,1,108.13999999999996,1,1,1,20.23,-0.4,OCc1ccccc1
"2,6-PCB",-4.984,1,223.102,0,2,1,0.0,-5.21,Clc1cccc(Cl)c1c2ccccc2 
phenothrin,-6.763,1,350.4580000000001,0,3,6,35.53,-5.24,CC(C)=CC3C(C(=O)OCc2cccc(Oc1ccccc1)c2)C3(C)C 
3-Methylpentane,-2.6,1,86.178,0,0,2,0.0,-3.68,CCC(C)CC
Ethinyl estradiol,-4.317,1,296.41,2,4,0,40.46,-4.3,CC34CCC1C(CCc2cc(O)ccc12)C3CCC4(O)C#C 
1-Nonyne ,-2.864,1,124.227,0,0,5,0.0,-4.24,CCCCCCCC#C
Xipamide,-3.642,1,354.8150000000001,3,2,3,109.48999999999998,-3.79,Cc1cccc(C)c1NC(=O)c2cc(c(Cl)cc2O)S(N)(=O)=O
Ethyl benzoate ,-2.775,1,150.177,0,1,2,26.3,-2.32,CCOC(=O)c1ccccc1
2-Heptanol ,-1.6780000000000002,1,116.20399999999998,1,0,4,20.23,-1.55,CCCCCC(C)O
1-Tetradecanol,-4.231,1,214.39299999999997,1,0,12,20.23,-5.84,CCCCCCCCCCCCCCO
m-Nitroaniline,-1.936,1,138.126,1,1,1,69.16,-2.19,Nc1cccc(c1)N(=O)=O
1-Pentyne,-1.446,1,68.11899999999999,0,0,1,0.0,-1.64,CCCC#C
3-Methylheptane,-3.3080000000000003,1,114.232,0,0,4,0.0,-5.16,CCCCC(C)CC
Dibromomethane,-1.883,1,173.83499999999998,0,0,0,0.0,-1.17,BrCBr
"1,5-Hexadiene ",-2.112,1,82.14599999999999,0,0,3,0.0,-2.68,C=CCCC=C
Estrone,-3.872,1,270.372,1,4,0,37.3,-3.955,CC12CCC3C(CCc4cc(O)ccc34)C2CCC1=O
"2,2-Dimethylpropanol",-1.011,1,88.14999999999999,1,0,0,20.23,-0.4,CC(C)(C)CO
Methyl butyl ether ,-1.072,1,88.14999999999999,0,0,3,9.23,-0.99,CCCCOC
Propyl propanoate,-1.545,1,116.15999999999998,0,0,3,26.3,-1.34,CCCCC(=O)OC
4-Isopropyltoluene,-3.617,1,134.22199999999998,0,1,1,0.0,-3.77,CC(C)c1ccc(C)cc1
Trichlorfon,-1.866,1,257.437,1,0,3,55.760000000000005,-0.22,COP(=O)(OC)C(O)C(Cl)(Cl)Cl
2-Chloroanisole,-2.912,1,142.58499999999998,0,1,1,9.23,-2.46,COc1ccccc1Cl
Propyl acetate,-1.125,1,102.13299999999998,0,0,2,26.3,-0.72,CCCOC(=O)C
chloropropylate,-5.093,1,339.21800000000013,1,2,4,46.53,-4.53,c1ccc(Cl)cc1C(c2ccc(Cl)cc2)(O)C(=O)OC(C)C
triamcinolone acetonide,-3.928,1,434.50400000000025,2,5,2,93.06000000000002,-4.31,CC5(C)OC4CC3C2CCC1=CC(=O)C=CC1(C)C2(F)C(O)CC3(C)C4(O5)C(=O)CO 
"2-Methyl-1,3-Butadiene ",-1.714,1,68.11900000000001,0,0,1,0.0,-2.03,CC(=C)C=C
Metolachlor,-3.431,1,283.7989999999999,0,1,6,29.54,-2.73,CCc1cccc(C)c1N(C(C)COC)C(=O)CCl 
4-methylpteridine,-1.24,1,146.15299999999996,0,2,0,51.56,-0.466,Cc1ncnc2nccnc12
Methoproptryne,-3.259,1,271.39,2,1,8,71.96000000000001,-2.928,COCCCNc1nc(NC(C)C)nc(SC)n1
benodanil,-4.245,1,323.133,1,2,2,29.1,-4.21,c1c(NC(=O)c2ccccc2(I))cccc1
DDD,-6.007999999999999,1,320.04600000000005,0,2,3,0.0,-7.2,ClC(Cl)C(c1ccc(Cl)cc1)c2ccc(Cl)cc2
allicin,-2.045,1,162.27899999999997,0,0,5,17.07,-0.83,C=CCS(=O)SCC=C
Fenuron,-1.847,1,164.208,1,1,1,32.34,-1.6,CN(C)C(=O)Nc1ccccc1
RTI 5,-3.471,1,253.30499999999995,0,3,1,36.44,-3.324,CCN2c1ccccc1N(C)C(=O)c3cccnc23 
Fenoxycarb,-4.662,1,301.34200000000004,1,2,7,56.790000000000006,-4.7,CCOC(=O)NCCOc2ccc(Oc1ccccc1)cc2
Aldrin,-5.511,1,364.914,0,4,0,0.0,-6.307,ClC1=C(Cl)C2(Cl)C3C4CC(C=C4)C3C1(Cl)C2(Cl)Cl
RTI 17,-4.227,1,269.373,0,3,1,19.37,-4.706,CCN2c1ccccc1N(C)C(=S)c3cccnc23 
Methyl hydrazine,0.5429999999999999,1,46.073,2,0,0,38.05,1.34,CNN
Diisopropylsulfide,-2.162,1,118.245,0,0,2,0.0,-2.24,CC(C)SC(C)C
hydrochlorothiazide,-1.72,1,297.745,3,2,1,118.36,-2.63,NS(=O)(=O)c2cc1c(NCNS1(=O)=O)cc2Cl 
Eriodictyol,-3.152,1,288.255,4,3,1,107.22,-3.62,Oc2cc(O)c1C(=O)CC(Oc1c2)c3ccc(O)c(O)c3
Benzo(j)fluoranthene,-6.007000000000001,2,252.316,0,5,0,0.0,-8.0,c1ccc2c3c(ccc2c1)c4cccc5cccc3c45
Disulfoton,-3.975,1,274.413,0,0,9,18.46,-4.23,CCOP(=S)(OCC)SCCSCC
methyl nicotinate,-1.621,1,137.138,0,1,1,39.19,-0.46,COC(=O)c1cccnc1 
3-Octanoyloxymethylphenytoin,-4.84,1,408.498,1,3,10,75.71,-6.523,O=C1N(COC(=O)CCCCCCC)C(=O)C(N1)(c2ccccc2)c3ccccc3
"2,4,6-PCB",-5.604,1,257.547,0,2,1,0.0,-6.14,Clc1ccc(cc1)c2c(Cl)cccc2Cl 
testosterone acetate,-4.449,1,330.4680000000001,0,4,1,43.370000000000005,-5.184,CC(=O)OC3CCC4C2CCC1=CC(=O)CCC1(C)C2CCC34C 
benzylurea,-1.509,1,150.18099999999998,2,1,2,55.120000000000005,-0.95,NC(=O)NCc1ccccc1 
Fluometuron,-3.065,1,232.205,1,1,1,32.34,-3.43,CN(C)C(=O)Nc1cccc(c1)C(F)(F)F
Piperophos,-4.637,1,353.4900000000001,0,1,9,38.77,-4.15,CCCOP(=S)(OCCC)SCC(=O)N1CCCCC1C
"1,2-Dinitrobenzene",-2.281,1,168.10799999999995,0,1,2,86.28,-3.1,O=N(=O)c1ccccc1N(=O)=O
1-Chloro-2-methylpropane,-1.924,1,92.569,0,0,1,0.0,-2.0,ClCC(C)C
2-Nonanol,-2.387,1,144.258,1,0,6,20.23,-2.74,CCCCCCCC(C)O
Pebulate,-3.131,1,203.351,0,0,6,20.31,-3.53,CCCCN(CC)C(=O)SCCC
thiouracil,-0.992,1,128.15599999999998,2,1,0,45.75,-2.273,Sc1nccc(=O)[nH]1 
Camphor,-2.158,1,152.237,0,2,0,17.07,-1.96,CC1(C)C2CCC1(C)C(=O)C2
Griseofulvin,-3.3280000000000003,1,352.7700000000001,0,3,3,71.06,-3.2460000000000004,COC1=CC(=O)CC(C)C13Oc2c(Cl)c(OC)cc(OC)c2C3=O
Hydrocortisone 21-acetate,-3.692,1,404.5030000000002,2,4,3,100.90000000000002,-4.88,CC(=O)OCC(=O)C1(O)CCC2C3CCC4=CC(=O)CCC4(C)C3C(O)CC21C
linalool,-2.399,1,154.253,1,0,4,20.23,-1.99,CC(C)=CCCC(O)(C)C=C
Ethion,-5.471,1,384.4870000000002,0,0,12,36.92,-5.54,CCOP(=S)(OCC)SCSP(=S)(OCC)OCC
Parathion,-3.949,1,291.26500000000004,0,1,7,70.83000000000001,-4.66,CCOP(=S)(OCC)Oc1ccc(cc1)N(=O)=O
"1,3-Dimethylnaphthalene",-4.147,1,156.22799999999998,0,2,0,0.0,-4.29,Cc1cc(C)c2ccccc2c1
RTI 3,-3.049,1,255.277,1,3,0,68.45,-3.043,O2c1cc(C)ccc1N(C)C(=O)c3cc(N)cnc23 
Diethyldisulfide,-2.364,1,122.258,0,0,3,0.0,-2.42,CCSSCC
chlorothiazide,-1.7519999999999998,1,295.72900000000004,2,2,1,118.69,-3.05,NS(=O)(=O)c2cc1c(N=CNS1(=O)=O)cc2Cl 
dibutyl sebacate,-4.726,1,314.46600000000007,0,0,15,52.60000000000001,-3.896,CCCCOC(=O)CCCCCCCCC(=O)OCCCC
cytosine,0.051,1,111.104,2,1,0,71.77000000000001,-1.155,Nc1cc[nH]c(=O)n1 
"2,2',3,3',4,4'-PCB",-7.192,1,360.88200000000006,0,2,1,0.0,-8.01,Clc1ccc(c(Cl)c1Cl)c2ccc(Cl)c(Cl)c2Cl 
"1,4-Dimethylnaphthalene ",-4.147,1,156.228,0,2,0,0.0,-4.14,Cc1ccc(C)c2ccccc12
Prometryn,-3.693,1,241.364,2,1,5,62.73,-4.1,CSc1nc(NC(C)C)nc(NC(C)C)n1
"2,3-Dimethylpyridine",-2.067,1,107.156,0,1,0,12.89,0.38,Cc1cccnc1C
fluconazole,-2.418,1,306.276,1,3,5,81.64999999999999,-1.8,OC(Cn1cncn1)(Cn2cncn2)c3ccc(F)cc3F 
norethindrone acetate,-4.2410000000000005,1,340.4630000000001,0,4,1,43.370000000000005,-4.8,CC(=O)OC3(CCC4C2CCC1=CC(=O)CCC1C2CCC34C)C#C
Cyclopentyl-5-spirobarbituric acid,-0.966,1,182.179,2,2,0,75.27,-2.349,O=C2NC(=O)C1(CCCC1)C(=O)N2
Carbromal,-2.198,1,237.097,2,0,3,72.19,-2.68,CCC(Br)(CC)C(=O)NC(N)=O
Acetophenone,-2.0780000000000003,1,120.15099999999995,0,1,1,17.07,-1.28,CC(=O)c1ccccc1
Hexane ,-2.615,1,86.178,0,0,3,0.0,-3.84,CCCCCC
p-Nitroanisole,-2.522,1,153.13699999999997,0,1,2,52.37,-2.41,COc1ccc(cc1)N(=O)=O
Cycloheptane,-2.9160000000000004,2,98.189,0,1,0,0.0,-3.51,C1CCCCCC1
1-Bromo-2-methylpropane,-2.2880000000000003,1,137.01999999999998,0,0,1,0.0,-2.43,CC(C)CBr
Chlorbufam,-3.629,1,223.659,1,1,2,38.33,-2.617,CC(OC(=O)Nc1cccc(Cl)c1)C#C
"2,4-Dimethyl-3-pentanol",-1.6469999999999998,1,116.20399999999998,1,0,2,20.23,-1.22,CC(C)C(O)C(C)C
o-Nitroaniline,-2.277,1,138.126,1,1,1,69.16,-1.96,Nc1ccccc1N(=O)=O
isocarbamid,-1.508,1,185.227,2,1,2,61.440000000000005,-2.15,C1N(C(=O)NCC(C)C)C(=O)NC1
Butan-2-ol,-0.616,1,74.12299999999999,1,0,1,20.23,0.47,CCC(C)O
Prednisolone,-2.974,1,360.4500000000002,3,4,2,94.83,-3.18,CC12CC(O)C3C(CCC4=CC(=O)C=CC34C)C2CCC1(O)C(=O)CO
Abate,-6.678,1,466.47900000000016,0,2,10,55.38000000000001,-6.237,COP(=S)(OC)Oc1ccc(Sc2ccc(OP(=S)(OC)OC)cc2)cc1
nitroglycerin,-2.029,1,227.085,0,0,8,157.11,-2.22,O=N(=O)OCC(CON(=O)=O)ON(=O)=O 
Metranidazole,-0.8590000000000001,1,171.15599999999998,1,1,3,81.19,-1.26,Cc1ncc(N(=O)=O)n1CCO 
7-methoxypteridine,-1.589,1,162.152,0,2,1,60.790000000000006,-0.91,COc2cnc1cncnc1n2
1-Decanol,-2.814,1,158.285,1,0,8,20.23,-3.63,CCCCCCCCCCO
Anthraquinone,-3.34,1,208.216,0,3,0,34.14,-5.19,O=C1c2ccccc2C(=O)c3ccccc13
halothane,-2.608,1,197.381,0,0,0,0.0,-1.71,FC(F)(F)C(Cl)Br 
Acenapthene,-3.792,2,154.21199999999996,0,3,0,0.0,-4.63,C1Cc2cccc3cccc1c23
3-Methyl-2-pentanone,-1.266,1,100.161,0,0,2,17.07,-0.67,CCC(C)C(=O)C
1-Octene ,-3.073,1,112.216,0,0,5,0.0,-4.44,CCCCCCC=C
2-butenal,-0.604,1,70.09100000000001,0,0,1,17.07,0.32,CC=CC=O
Benzo(b)fluoranthene,-6.007000000000001,2,252.316,0,5,0,0.0,-8.23,c1ccc2c(c1)c3cccc4c3c2cc5ccccc54
"2,2',3,3',4,4',5,5'-PCB",-8.468,1,429.77200000000016,0,2,1,0.0,-9.16,Clc1cc(c(Cl)c(Cl)c1Cl)c2cc(Cl)c(Cl)c(Cl)c2Cl
2-Propanol,-0.261,1,60.096,1,0,0,20.23,0.43,CC(C)O
theobromine,-1.05,1,180.167,1,2,0,72.68,-2.523,Cn1cnc2n(C)c(=O)[nH]c(=O)c12 
2-Chloro-2-methylbutane,-2.278,1,106.596,0,0,1,0.0,-2.51,CCC(C)(C)Cl
Antipyrene,-1.733,1,188.23,0,2,1,26.93,0.715,Cc1cc(=O)n(c2ccccc2)n1C
2-Butoxyethanol,-0.775,1,118.176,1,0,5,29.46,-0.42,CCCCOCCO
2-Butanone,-0.491,1,72.107,0,0,1,17.07,0.52,CCC(=O)C
o-Chloroiodobenzene,-4.384,1,238.455,0,1,0,0.0,-3.54,Clc1ccccc1I
2-Chloropropane,-1.585,1,78.542,0,0,0,0.0,-1.41,CC(C)Cl
"1,3-Benzenediol",-1.59,1,110.11199999999998,2,1,0,40.46,0.81,Oc1cccc(O)c1
Isoprocarb,-2.734,1,193.246,1,1,2,38.33,-2.863,CNC(=O)Oc1ccccc1C(C)C
cycloate,-3.35,1,215.36199999999997,0,1,3,20.31,-3.4,CCSC(=O)N(CC)C1CCCCC1 
Stanolone,-3.882,1,290.44699999999995,1,4,0,37.3,-4.743,CC34CCC1C(CCC2CC(=O)CCC12C)C3CCC4O 
oxyphenbutazone,-3.739,1,324.38000000000005,1,3,5,60.85000000000001,-3.73,CCCCC1C(=O)N(N(C1=O)c2ccc(O)cc2)c3ccccc3 
2-bromonaphthalene,-4.434,1,207.07,0,2,0,0.0,-4.4,c1c(Br)ccc2ccccc12 
meconin,-0.825,1,196.202,0,2,2,44.760000000000005,-1.899,c1c(OC)c(OC)C2C(=O)OCC2c1
m-Fluorobromobenzene,-3.467,1,175.0,0,1,0,0.0,-2.67,Fc1cccc(Br)c1
2-Nonanone,-2.263,1,142.242,0,0,6,17.07,-2.58,CCCCCCCC(=O)C
"3,4-Dichloronitrobenzene",-3.448,1,192.001,0,1,1,43.14,-3.2,O=N(=O)c1cc(Cl)c(Cl)cc1
4-Heptanone,-1.62,1,114.188,0,0,4,17.07,-1.3,CCCC(=O)CCC
"1,3-Dichlorobenzene",-3.5580000000000003,1,147.004,0,1,0,0.0,-3.04,Clc1cccc(Cl)c1
"2,2-Dimethylpentane",-2.938,1,100.20499999999998,0,0,1,0.0,-4.36,CCCC(C)(C)C
Norea,-2.47,1,222.33199999999997,1,3,1,32.34,-3.1710000000000003,CN(C)C(=O)NC1CC2CC1C3CCCC23
3-Methyl-3-pentanol,-1.308,1,102.17699999999998,1,0,2,20.23,-0.36,CCC(C)(O)CC
1-Butyne,-1.092,1,54.09199999999999,0,0,0,0.0,-1.24,CCC#C
o-Fluorobromobenzene,-3.467,1,175.0,0,1,0,0.0,-2.7,Fc1ccccc1Br
Minoxidil,-1.809,1,209.253,2,2,1,95.11,-1.989,Nc1cc(nc(N)n1=O)N2CCCCC2 
Propylisopropylether,-1.354,1,102.17699999999998,0,0,3,9.23,-1.34,CCCOC(C)C
isophorone,-2.015,1,138.20999999999998,0,1,0,17.07,-1.06,CC1=CC(=O)CC(C)(C)C1 
Diisopropyl ether ,-1.281,1,102.177,0,0,2,9.23,-1.1,CC(C)OC(C)C
1-Chlorohexane,-2.648,1,120.623,0,0,4,0.0,-3.12,CCCCCCCl
Di(2-ethylhexyl)-phthalate,-7.117000000000001,1,390.5640000000003,0,1,14,52.60000000000001,-6.96,CCCCC(CC)COC(=O)c1ccccc1C(=O)OCC(CC)CCCC
"1,2-Dichlorobenzene",-3.482,1,147.00399999999996,0,1,0,0.0,-3.05,Clc1ccccc1Cl
1-Hexyne ,-1.801,1,82.14599999999999,0,0,2,0.0,-2.36,CCCCC#C
Isobutylbenzene,-3.57,1,134.22199999999998,0,1,2,0.0,-4.12,CC(C)Cc1ccccc1
"1,2,3-Trichlorobenzene",-4.008,1,181.449,0,1,0,0.0,-4.0,Clc1cccc(Cl)c1Cl
5-(3-Methyl-2-butenyl)-5-isoPrbarbital,-2.465,1,238.287,2,1,3,75.27000000000001,-2.593,O=C1NC(=O)NC(=O)C1(C(C)C)CC=C(C)C
TEFLUBENZURON,-5.462000000000001,1,381.1120000000001,2,2,2,58.2,-7.28,Fc1cccc(F)c1C(=O)NC(=O)Nc2cc(Cl)c(F)c(Cl)c2F 
XMC,-2.688,1,179.219,1,1,1,38.33,-2.5810000000000004,CNC(=O)Oc1cc(C)cc(C)c1
metalaxyl,-2.87,1,279.336,0,1,5,55.84,-1.601,COCC(=O)N(C(C)C(=O)OC)c1c(C)cccc1C 
Methazole,-3.6010000000000004,1,261.064,0,2,1,57.14,-2.82,Cn2c(=O)on(c1ccc(Cl)c(Cl)c1)c2=O
Spironolactone,-3.842,1,416.58300000000025,0,5,1,60.44,-4.173,CC(=O)SC4CC1=CC(=O)CCC1(C)C5CCC2(C)C(CCC23CCC(=O)O3)C45
Hydrocortisone ,-3.159,1,362.4660000000002,3,4,2,94.83,-3.09,CC12CC(O)C3C(CCC4=CC(=O)CCC34C)C2CCC1(O)C(=O)CO
Dienochlor,-7.848,1,474.64,0,2,1,0.0,-7.278,ClC1=C(Cl)C(Cl)(C(=C1Cl)Cl)C2(Cl)C(=C(Cl)C(=C2Cl)Cl)Cl
captafol,-4.365,1,349.06600000000014,0,2,3,37.38,-5.4,ClC(Cl)C(Cl)(Cl)SN2C(=O)C1CC=CCC1C2=O 
2-Methylpentanol,-1.381,1,102.177,1,0,3,20.23,-1.11,CCCC(C)CO
Primidone,-1.897,1,218.256,2,2,2,58.2,-2.64,CCC1(C(=O)NCNC1=O)c2ccccc2
p-Hydroxyacetanilide,-1.495,1,151.165,2,1,1,49.33,-1.03,CC(=O)Nc1ccc(O)cc1
Glutethimide,-2.591,1,217.268,1,2,2,46.17,-2.337,CCC1(CCC(=O)NC1=O)c2ccccc2 
"1,2,3,4-Tetrachlorobenzene",-4.546,1,215.894,0,1,0,0.0,-4.57,Clc1ccc(Cl)c(Cl)c1Cl
Ethanethiol,-0.968,1,62.137,1,0,0,0.0,-0.6,CCS
Quinonamid,-3.988,1,332.57000000000005,1,2,3,63.24,-5.03,ClC(Cl)CC(=O)NC2=C(Cl)C(=O)c1ccccc1C2=O
p-t-Butylphenol,-3.192,1,150.22099999999998,1,1,0,20.23,-2.41,CC(C)(C)c1ccc(O)cc1
5-Allyl-5-phenylbarbital,-2.36,1,244.25,2,2,3,75.27000000000001,-2.369,O=C1NC(=O)NC(=O)C1(CC=C)c1ccccc1
menthol,-2.782,1,156.269,1,1,1,20.23,-2.53,CC(C)C1CCC(C)CC1O 
Oxadiazon,-5.265,1,345.22600000000017,0,2,3,57.26,-5.696000000000001,CC(C)Oc1cc(c(Cl)cc1Cl)n2nc(oc2=O)C(C)(C)C
4-Chloroanisole,-3.057,1,142.585,0,1,1,9.23,-2.78,COc1ccc(Cl)cc1
Carbazole,-3.836,2,167.21099999999998,1,3,0,15.79,-5.27,c1ccc2c(c1)[nH]c3ccccc32
p-Chloroaniline,-2.392,1,127.574,1,1,0,26.02,-1.66,Nc1ccc(Cl)cc1
karbutilate,-2.655,1,279.34,2,1,2,70.67,-2.93,CN(C)C(=O)Nc1cccc(OC(=O)NC(C)(C)C)c1 
Dibenzothiophene,-4.597,2,184.263,0,3,0,0.0,-4.38,c1ccc2c(c1)sc3ccccc23
Azintamide,-2.231,1,259.762,0,1,5,46.09,-1.716,CCN(CC)C(=O)CSc1ccc(Cl)nn1
Reposal,-2.781,1,262.309,2,3,2,75.27000000000001,-2.696,CCC1(C(=O)NC(=O)NC1=O)C2=CCC3CCC2C3
Ethirimol,-2.732,1,209.293,2,1,5,57.78,-3.028,CCCCc1c(C)nc(NCC)[nH]c1=O
Phoxim,-4.557,1,298.304,0,1,7,63.84,-4.862,CCOP(=S)(OCC)ON=C(C#N)c1ccccc1
indoline,-2.195,2,119.167,1,2,0,12.03,-1.04,c2ccc1NCCc1c2 
Napropamide,-4.088,1,271.36,0,2,5,29.540000000000003,-3.57,CCN(CC)C(=O)C(C)Oc1cccc2ccccc12 
3-Methylbutan-1-ol,-1.027,1,88.14999999999999,1,0,2,20.23,-0.51,CC(C)CCO
"7,12-Dimethylbenz(a)anthracene",-6.297000000000001,1,256.348,0,4,0,0.0,-7.02,Cc1c2ccccc2c(C)c3ccc4ccccc4c13
"2,2',3,4,5,5',6-PCB",-7.898,1,395.3270000000001,0,2,1,0.0,-8.94,Clc1ccc(Cl)c(c1)c2c(Cl)c(Cl)c(Cl)c(Cl)c2Cl
"2,2,4,6,6'-PCB",-6.545,1,326.437,0,2,1,0.0,-7.32,Clc1cc(Cl)c(c(Cl)c1)c2c(Cl)cccc2Cl
Butanethiol ,-1.676,1,90.191,1,0,2,0.0,-2.18,CCCCS
"1,3-Dinitrobenzene",-2.281,1,168.10799999999995,0,1,2,86.28,-2.29,O=N(=O)c1cccc(c1)N(=O)=O
"5,5-Diallylbarbital",-1.471,1,208.217,2,1,4,75.27000000000001,-2.077,O=C1NC(=O)NC(=O)C1(CC=C)CC=C
Pentamethylbenzene,-3.993,1,148.249,0,1,0,0.0,-4.0,Cc1cc(C)c(C)c(C)c1C
Dimethyl phthalate,-2.347,1,194.18599999999995,0,1,2,52.60000000000001,-1.66,COC(=O)c1ccccc1C(=O)OC
Fluorene ,-4.125,2,166.22299999999998,0,3,0,0.0,-5.0,C1c2ccccc2c3ccccc13
Tetradecane,-5.45,1,198.39399999999995,0,0,11,0.0,-7.96,CCCCCCCCCCCCCC
Clomazone,-3.077,1,239.702,0,2,2,29.54,-2.338,CC1(C)CON(Cc2ccccc2Cl)C1=O
Isopropalin,-5.306,1,309.36600000000004,0,1,8,89.51999999999998,-6.49,CCCN(CCC)c1c(cc(cc1N(=O)=O)C(C)C)N(=O)=O
1-Chloronapthalene,-4.063,1,162.61899999999997,0,2,0,0.0,-3.93,Clc1cccc2ccccc12
Metolazone,-3.777,1,365.8420000000001,2,3,2,92.5,-3.78,CC2Nc1cc(Cl)c(cc1C(=O)N2c3ccccc3C)S(N)(=O)=O 
o-Nitrotoluene,-2.589,1,137.138,0,1,1,43.14,-2.33,Cc1ccccc1N(=O)=O
Benzyltrifluoride,-3.099,1,146.111,0,1,0,0.0,-2.51,FC(F)(F)c1ccccc1
"1,3,5-Trichlorobenzene",-4.159,1,181.449,0,1,0,0.0,-4.48,Clc1cc(Cl)cc(Cl)c1
"3,3-Dimethyl-1-butanol",-1.365,1,102.177,1,0,1,20.23,-0.5,CC(C)(C)CCO
Diallate,-3.827,1,270.225,0,0,4,20.31,-4.2860000000000005,CC(C)N(C(C)C)C(=O)SCC(=CCl)Cl
Bromophos,-5.604,1,366.0,0,1,4,27.69,-6.09,COP(=S)(OC)Oc1cc(Cl)c(Br)cc1Cl
phthalamide,-0.636,1,149.149,1,2,0,46.17,-2.932,c1cC2C(=O)NC(=O)C2cc1
Etomidate,-3.359,1,244.294,0,2,4,44.12,-4.735,CCOC(=O)c1cncn1C(C)c2ccccc2
Isobutyl formate,-1.095,1,102.13299999999998,0,0,3,26.3,-1.01,CC(C)COC=O
Amigdalin,-0.974,1,457.4320000000001,7,3,7,202.32,-0.77,OCC3OC(OCC2OC(OC(C#N)c1ccccc1)C(O)C(O)C2O)C(O)C(O)C3O 
1-Iodoheptane,-3.904,1,226.101,0,0,5,0.0,-4.81,CCCCCCCI
"2,3,4-Trichlorophenol",-3.705,1,197.448,1,1,0,20.23,-2.67,Oc1ccc(Cl)c(Cl)c1Cl
o-Xylene ,-3.004,1,106.168,0,1,0,0.0,-2.8,Cc1ccccc1C
p-Phenylphenol,-3.701,1,170.211,1,2,1,20.23,-3.48,Oc1ccc(cc1)c2ccccc2
"Sparsomycin (3,8mg/ml)",-1.57,1,361.4450000000001,4,1,8,132.11999999999998,-1.981,CSCS(=O)CC(CO)NC(=O)C=Cc1c(C)[nH]c(=O)[nH]c1=O
Phenetole,-2.66,1,122.16699999999996,0,1,2,9.23,-2.33,CCOc1ccccc1
Diethyl phthalate ,-3.016,1,222.23999999999995,0,1,4,52.60000000000001,-2.35,CCOC(=O)c1ccccc1C(=O)OCC
2-Methyl-2-hexanol,-1.663,1,116.20399999999998,1,0,3,20.23,-1.08,CCCCC(C)(C)O
"2,3-Dimethylpentane",-2.938,1,100.20499999999998,0,0,2,0.0,-4.28,CCC(C)C(C)C
"1,2,4,5-Tetramethylbenzene",-3.664,1,134.22199999999998,0,1,0,0.0,-4.59,Cc1cc(C)c(C)cc1C
allopurinol,-0.84,1,136.114,2,2,0,74.43,-2.266,O=c1[nH]cnc2[nH]ncc12 
"2,3,4,5,6-PCB",-6.785,1,326.437,0,2,1,0.0,-7.92,Clc2c(Cl)c(Cl)c(c1ccccc1)c(Cl)c2Cl 
"2,3',4,4'-PCB",-6.709,1,326.437,0,2,1,0.0,-7.8,Clc1ccc(c(Cl)c1)c2ccc(Cl)c(Cl)c2Cl 
Nitrazepam,-3.4730000000000003,1,281.271,1,3,2,84.6,-3.796,O=C3CN=C(c1ccccc1)c2cc(ccc2N3)N(=O)=O
Methocarbamol,-1.4280000000000002,1,241.24299999999997,2,1,6,91.01,-0.985,COc1ccccc1OCC(O)COC(N)=O
"5,6-Dimethylchrysene",-6.265,1,256.348,0,4,0,0.0,-7.01,Cc1c(C)c2c3ccccc3ccc2c4ccccc14
Benzocaine,-2.383,1,165.19199999999998,1,1,2,52.32,-2.616,CCOC(=O)c1ccc(N)cc1
3-Heptanol ,-1.6780000000000002,1,116.20399999999998,1,0,4,20.23,-1.47,CCCCC(O)CC
"2,3-Dimethyl-1,3-Butadiene",-2.052,1,82.146,0,0,1,0.0,-2.4,CC(=C)C(=C)C
Nitrapyrin,-3.833,1,230.909,0,1,0,12.89,-3.76,Clc1cccc(n1)C(Cl)(Cl)Cl
Danazol,-4.557,1,337.4630000000001,1,5,0,46.260000000000005,-5.507000000000001,CC23Cc1cnoc1C=C2CCC4C3CCC5(C)C4CCC5(O)C#C
Cyclooctanol,-2.14,1,128.215,1,1,0,20.23,-1.29,OC1CCCCCCC1
"1,2-Diethoxyethane ",-0.833,1,118.176,0,0,5,18.46,-0.77,CCOCCOCC
Chloroethane,-1.165,1,64.515,0,0,0,0.0,-1.06,ClCC
Eugenol,-2.675,1,164.204,1,1,3,29.46,-1.56,COc1cc(CC=C)ccc1O
Chloropham,-3.544,1,213.664,1,1,2,38.33,-3.38,CC(C)OC(=O)Nc1cccc(Cl)c1
Dicofol,-6.268,1,370.49,1,2,2,20.23,-5.666,OC(c1ccc(Cl)cc1)(c2ccc(Cl)cc2)C(Cl)(Cl)Cl
Butamben,-3.039,1,193.246,1,1,4,52.32,-3.082,CCCCOC(=O)c1ccc(N)cc1
1-methyluracil,-0.375,1,126.115,1,1,0,54.86,-0.807,Cn1ccc(=O)[nH]c1=O
p-Bromoacetanilide,-3.012,1,214.062,1,1,1,29.1,-3.083,CC(=O)Nc1ccc(Br)cc1
1-Heptene,-2.718,1,98.189,0,0,4,0.0,-3.73,CCCCCC=C
p-Chloronitrobenzene,-2.901,1,157.55599999999998,0,1,1,43.14,-2.92,Clc1ccc(cc1)N(=O)=O
1-Bromopropane,-1.949,1,122.993,0,0,1,0.0,-1.73,CCCBr
Phthalonitrile,-1.717,1,128.13399999999996,0,1,0,47.58,-2.38,N#Cc1ccccc1C#N
Neburon,-4.157,1,275.179,1,1,4,32.34,-4.77,CCCCN(C)C(=O)Nc1ccc(Cl)c(Cl)c1
Propiconazole,-4.603,1,342.2260000000001,0,3,5,49.17,-3.4930000000000003,CCCC1COC(Cn2cncn2)(O1)c3ccc(Cl)cc3Cl
"1,2-Dichlorotetrafluoroethane",-2.697,1,170.92000000000002,0,0,1,0.0,-2.74,FC(F)(Cl)C(F)(F)Cl
Dialifos,-5.026,1,393.85400000000016,0,2,8,55.84,-6.34,CCOP(=S)(OCC)SC(CCl)N2C(=O)c1ccccc1C2=O
acetazolamide,-0.7929999999999999,1,222.251,2,1,2,115.04,-2.36,CC(=O)Nc1nnc(s1)S(N)(=O)=O 
Mefenacet,-4.504,1,298.367,0,3,4,42.43000000000001,-4.873,CN(C(=O)COc1nc2ccccc2s1)c3ccccc3
Pentylbenzene,-3.899,1,148.249,0,1,4,0.0,-4.64,CCCCCc1ccccc1
Ethyne,-0.252,1,26.038,0,0,0,0.0,0.29,C#C
Hexachloroethane,-4.215,1,236.74,0,0,0,0.0,-3.67,ClC(Cl)(Cl)C(Cl)(Cl)Cl
Fenarimol,-4.1080000000000005,1,331.202,1,3,3,46.010000000000005,-4.38,OC(c1ccc(Cl)cc1)(c2cncnc2)c3ccccc3Cl
m-Nitrotoluene,-2.64,1,137.138,0,1,1,43.14,-2.44,Cc1cccc(c1)N(=O)=O
4-Methyl-2-pentanone,-1.1840000000000002,1,100.161,0,0,2,17.07,-0.74,CC(C)CC(=O)C
Atrazine,-3.069,1,215.688,2,1,4,62.73,-3.85,CCNc1nc(Cl)nc(NC(C)C)n1
hematein,-1.795,1,300.266,4,4,0,107.22,-2.7,c1cc(O)c(O)c2OCC3(O)CC4=CC(=O)C(O)=CC4=C3c21
Metolcarb,-1.947,1,151.165,1,1,1,38.33,-1.803,c1ccccc1(OC(=O)NC)
4-Heptanol,-1.6780000000000002,1,116.204,1,0,4,20.23,-1.4,CCCC(O)CCC
Furane,-1.837,2,68.07499999999999,0,1,0,13.14,-0.82,c1ccoc1
1-Heptyne,-2.155,1,96.173,0,0,3,0.0,-3.01,CCCCCC#C
2-Methylpropan-1-ol,-0.672,1,74.12299999999999,1,0,1,20.23,0.1,CC(C)CO
Pentylcyclopentane,-3.869,1,140.26999999999998,0,1,4,0.0,-6.08,CCCCCC1CCCC1
Methyl propionate,-0.836,1,88.106,0,0,1,26.3,-0.14,CCC(=O)OC
Formothion,-2.087,1,257.273,0,0,6,55.84,-1.995,COP(=S)(OC)SCC(=O)N(C)C=O
alachlor,-3.319,1,269.77199999999993,0,1,6,29.54,-3.26,CCc1cccc(CC)c1N(COC)C(=O)CCl 
Malathion,-3.391,1,330.3640000000001,0,0,9,71.06,-3.37,CCOC(=O)CC(SP(=S)(OC)OC)C(=O)OCC
Methyl acrylate,-0.878,1,86.09,0,0,1,26.3,-0.22,COC(=O)C=C
phenylbutazone,-4.0760000000000005,1,308.38100000000003,0,3,5,40.620000000000005,-3.81,CCCCC1C(=O)N(N(C1=O)c2ccccc2)c3ccccc3 
p-Chlorobromobenzene,-3.928,1,191.455,0,1,0,0.0,-3.63,Clc1ccc(Br)cc1
Dimethyl sulfide,-0.758,1,62.137,0,0,0,0.0,-0.45,CSC
"2,6-Dinitrotoluene",-2.553,1,182.135,0,1,2,86.28,-3.0,Cc1c(cccc1N(=O)=O)N(=O)=O
Hexamethylbenzene,-4.361000000000001,1,162.27599999999998,0,1,0,0.0,-5.23,Cc1c(C)c(C)c(C)c(C)c1C
1-Butanol,-0.688,1,74.12299999999999,1,0,2,20.23,0.0,CCCCO
rhodanine,-0.396,1,133.197,1,1,0,29.1,-1.77,C1SC(=S)NC1(=O)
5-Methylchrysene,-5.931,1,242.321,0,4,0,0.0,-6.59,c1cccc2c3c(C)cc4ccccc4c3ccc12
Quinethazone,-2.184,1,289.7440000000001,3,2,2,101.29,-3.29,CCC2NC(=O)c1cc(c(Cl)cc1N2)S(N)(=O)=O
"2,2',4,4',6,6'-PCB",-7.178999999999999,1,360.88200000000006,0,2,1,0.0,-8.71,Clc1cc(Cl)c(c(Cl)c1)c2c(Cl)cc(Cl)cc2Cl 
testosterone propionate,-4.87,1,344.4950000000001,0,4,2,43.370000000000005,-5.37,CCC(=O)OC3CCC4C2CCC1=CC(=O)CCC1(C)C2CCC34C 
Trimazosin,-3.958,1,435.48100000000034,2,3,6,132.5,-3.638,COc2cc1c(N)nc(nc1c(OC)c2OC)N3CCN(CC3)C(=O)OCC(C)(C)O 
Caproaldehyde,-1.457,1,100.161,0,0,4,17.07,-1.3,CCCCCC=O
1-Dodecanol,-3.523,1,186.339,1,0,10,20.23,-4.8,CCCCCCCCCCCCO
2-Methy-2-Butene,-1.994,1,70.13499999999999,0,0,0,0.0,-2.56,CC=C(C)C
Chlordane,-6.039,1,409.7819999999999,0,3,0,0.0,-6.86,ClC1CC2C(C1Cl)C3(Cl)C(=C(Cl)C2(Cl)C3(Cl)Cl)Cl
Methane,-0.636,0,16.043,0,0,0,0.0,-0.9,C
"3,5-Dichlorophenol",-3.428,1,163.003,1,1,0,20.23,-1.34,Oc1cc(Cl)cc(Cl)c1
"2,3',4',5-PCB",-6.312,1,291.992,0,2,1,0.0,-7.25,Clc1ccc(Cl)c(c1)c2ccc(Cl)c(Cl)c2
Pentyl propanoate,-1.899,1,130.18699999999998,0,0,4,26.3,-2.25,CCCCC(=O)OCC
2-Iodopropane,-2.486,1,169.993,0,0,0,0.0,-2.09,CC(C)I
o-Hydroxybenzamide,-1.942,1,137.13799999999998,2,1,1,63.32000000000001,-1.82,NC(=O)c1ccccc1O
"3,4-Dimethylpyridine",-2.067,1,107.156,0,1,0,12.89,0.36,Cc1ccncc1C
Ethalfluralin,-5.063,1,333.266,0,1,6,89.51999999999998,-6.124,CCN(CC(C)=C)c1c(cc(cc1N(=O)=O)C(F)(F)F)N(=O)=O
Ethyl hexanoate,-2.254,1,144.21399999999997,0,0,5,26.3,-2.35,CCCCCC(=O)OCC
Thiometon,-3.323,1,246.359,0,0,7,18.46,-3.091,CCSCCSP(=S)(OC)OC
Benzonitrile,-2.03,1,103.12399999999997,0,1,0,23.79,-1.0,N#Cc1ccccc1
parabanic acid,1.091,1,114.06,2,1,0,75.27,-0.4,O=C1NC(=O)C(=O)N1 
aminothiazole,-1.226,1,100.146,1,1,0,38.91,-0.36,Nc1nccs1 
"3,5-Dimethylphenol",-2.652,1,122.16699999999996,1,1,0,20.23,-1.4,Cc1cc(C)cc(O)c1
ethiofencarb,-2.855,1,225.313,1,1,4,38.33,-2.09,CCSCc1ccccc1OC(=O)NC 
p-Hydroxybenzaldehyde ,-2.003,1,122.12299999999998,1,1,1,37.3,-0.96,Oc1ccc(C=O)cc1
1-Hexene,-2.364,1,84.16199999999999,0,0,3,0.0,-3.23,CCCCC=C
RTI 16,-3.411,1,270.361,0,3,1,32.260000000000005,-4.634,CCN2c1ncccc1N(C)C(=S)c3cccnc23 
Benzene ,-2.418,2,78.11399999999999,0,1,0,0.0,-1.64,c1ccccc1
"1,5-Dimethlnapthalene",-4.147,1,156.228,0,2,0,0.0,-4.678999999999999,Cc1cccc2c(C)cccc12
methyl gallate,-1.913,1,184.147,3,1,1,86.99000000000001,-1.24,COC(=O)c1cc(O)c(O)c(O)c1 
Triamterene,-3.051,1,253.26900000000003,3,3,1,129.62,-2.404,Nc3nc(N)c2nc(c1ccccc1)c(N)nc2n3
Iodoethane,-2.066,1,155.966,0,0,0,0.0,-1.6,CCI
Dibenzofurane,-4.2010000000000005,2,168.195,0,3,0,13.14,-4.6,o1c2ccccc2c3ccccc13
Ethyl octanoate,-2.962,1,172.26799999999997,0,0,7,26.3,-3.39,CCCCCCCC(=O)OCC
piroxicam,-3.4730000000000003,1,331.353,2,3,2,99.6,-4.16,CN2C(=C(O)c1ccccc1S2(=O)=O)C(=O)Nc3ccccn3 
Pirimicarb,-2.34,1,238.291,0,1,2,58.56000000000001,-1.95,CN(C)C(=O)Oc1nc(nc(C)c1C)N(C)C
3-Propanoyloxymethylphenytoin,-3.128,1,338.36300000000006,1,3,5,75.71,-4.907,O=C1N(COC(=O)CC)C(=O)C(N1)(c2ccccc2)c3ccccc3
Ethyl butyrate,-2.254,1,144.21399999999997,0,0,5,26.3,-1.28,CCCCCOC(=O)CC
"3,3-Dimethylpentane",-2.938,1,100.20499999999998,0,0,2,0.0,-4.23,CCC(C)(C)CC
Cyclohexane,-2.477,2,84.162,0,1,0,0.0,-3.1,C1CCCCC1
Diazepam,-4.05,1,284.74600000000004,0,3,1,32.67,-3.754,CN2C(=O)CN=C(c1ccccc1)c3cc(Cl)ccc23
Picene,-6.617999999999999,2,278.354,0,5,0,0.0,-7.87,c1ccc2c(c1)ccc3c2ccc4c5ccccc5ccc43
"1,1-Diethoxyethane ",-0.899,1,118.176,0,0,4,18.46,-0.43,CCOC(C)OCC
5-fluorouracil,-0.792,1,130.078,2,1,0,65.72,-1.077,Fc1c[nH]c(=O)[nH]c1=O 
Prasterone,-3.564,1,288.43100000000004,1,4,0,37.3,-4.12,CC34CCC1C(CC=C2CC(O)CCC12C)C3CCC4=O
Acetonitrile,0.152,1,41.053,0,0,0,23.79,0.26,CC#N
Cyanazine,-2.49,1,240.698,2,1,4,86.52,-3.15,CCNc1nc(Cl)nc(NC(C)(C)C#N)n1
Trichloronate,-5.225,1,333.60400000000004,0,1,5,18.46,-5.752000000000001,CCOP(=S)(CC)Oc1cc(Cl)c(Cl)cc1Cl
3-Pentanol,-0.97,1,88.15,1,0,2,20.23,-0.24,CCC(O)CC
Butylate,-3.4530000000000003,1,217.378,0,0,5,20.31,-3.68,CCSC(=O)N(CC(C)C)CC(C)C
"2,4,6-Trinitrotoluene",-2.6060000000000003,1,227.132,0,1,3,129.42000000000002,-3.22,Cc1c(cc(cc1N(=O)=O)N(=O)=O)N(=O)=O
Bromomethane,-1.109,1,94.939,0,0,0,0.0,-0.79,CBr
Fludrocortisone,-3.172,1,380.4560000000001,3,4,2,94.83,-3.43,CC34CC(O)C1(F)C(CCC2=CC(=O)CCC12C)C3CCC4(O)C(=O)CO 
Hexadecane,-6.159,1,226.44799999999992,0,0,13,0.0,-8.4,CCCCCCCCCCCCCCCC
Estradiol,-4.138,1,272.388,2,4,0,40.46,-5.03,CC12CCC3C(CCc4cc(O)ccc34)C2CCC1O
"1,4-Benzenediol",-1.59,1,110.11199999999998,2,1,0,40.46,-0.17,Oc1ccc(O)cc1
"N,N-Diethylaniline",-3.16,1,149.237,0,1,3,3.24,-3.03,CCN(CC)c1ccccc1
2-Chlorobutane,-1.94,1,92.569,0,0,1,0.0,-1.96,CCC(C)Cl
Ethanol,0.02,1,46.069,1,0,0,20.23,1.1,CCO
Dichlorophen,-4.924,1,269.127,2,2,2,40.46,-3.953,Oc1ccc(Cl)cc1Cc2cc(Cl)ccc2O
Methyl t-butyl ether ,-0.984,1,88.14999999999999,0,0,0,9.23,-0.24,COC(C)(C)C
4-Ethyltoluene,-3.3280000000000003,1,120.19499999999996,0,1,1,0.0,-3.11,CCc1ccc(C)cc1
Corticosterone,-3.454,1,346.46700000000016,2,4,2,74.6,-3.24,CC12CC(O)C3C(CCC4=CC(=O)CCC34C)C2CCC1C(=O)CO
p-Methylaniline ,-1.954,1,107.156,1,1,0,26.02,-1.21,Cc1ccc(N)cc1
Trichloroethylene,-2.312,1,131.389,0,0,0,0.0,-1.96,ClC=C(Cl)Cl
Ancymidol,-2.181,1,256.30499999999995,1,3,4,55.24,-2.596,COc1ccc(cc1)C(O)(C2CC2)c3cncnc3 
Nonane,-3.678,1,128.259,0,0,6,0.0,-5.88,CCCCCCCCC
megestrol acetate,-4.417,1,384.5160000000002,0,4,2,60.440000000000005,-5.35,CC(=O)OC3(CCC4C2C=C(C)C1=CC(=O)CCC1(C)C2CCC34C)C(C)=O 
Coumatetralyl,-5.194,1,292.33400000000006,1,4,1,50.44,-2.84,O=c2c(C3CCCc4ccccc43)c(O)c1ccccc1o2 
diisooctyl phthalate,-7.117000000000001,1,390.5640000000002,0,1,14,52.60000000000001,-6.6370000000000005,c1(C(=O)OCCCCCC(C)(C))c(C(=O)OCCCCCC(C)(C))cccc1
Ethane,-1.132,1,30.07,0,0,0,0.0,-1.36,CC
Benznidazole,-2.321,1,260.253,1,2,5,90.06,-2.81,O=C(Cn1ccnc1N(=O)=O)NCc2ccccc2
Anethole,-3.254,1,148.20499999999998,0,1,2,9.23,-3.13,COc1ccc(C=CC)cc1
2-Methylanthracene,-4.87,1,192.261,0,3,0,0.0,-6.96,Cc1ccc2cc3ccccc3cc2c1
2-Heptanone,-1.554,1,114.188,0,0,4,17.07,-1.45,CCCCCC(=O)C
p-Chloroiodobenzene,-4.384,1,238.455,0,1,0,0.0,-4.03,Clc1ccc(I)cc1
1-Pentanol,-1.042,1,88.14999999999999,1,0,3,20.23,-0.6,CCCCCO
Cycluron,-2.629,1,198.30999999999992,1,1,1,32.34,-2.218,CN(C)C(=O)NC1CCCCCCC1
Methyl butyrate,-1.545,1,116.15999999999998,0,0,3,26.3,-0.82,CCCOC(=O)CC
"2,2',3,4,5,5'-PCB",-7.343,1,360.88200000000006,0,2,1,0.0,-7.68,Clc1ccc(Cl)c(c1)c2cc(Cl)c(Cl)c(Cl)c2Cl
"1,2-Dichloropropane",-1.794,1,112.987,0,0,1,0.0,-1.6,CC(Cl)CCl
1-Decene,-3.781,1,140.26999999999998,0,0,7,0.0,-5.51,CCCCCCCCC=C
Chlorobenzene,-2.975,1,112.55899999999995,0,1,0,0.0,-2.38,Clc1ccccc1
2-Ethyl pyridine,-2.051,1,107.15599999999998,0,1,1,12.89,0.51,CCc1ccccn1
2-Methylphenol,-2.281,1,108.14,1,1,0,20.23,-0.62,Cc1ccccc1O
Oxazepam,-3.517,1,286.718,2,3,1,61.690000000000005,-3.952,OC3N=C(c1ccccc1)c2cc(Cl)ccc2NC3=O 
o-Chloronitrobenzene,-2.775,1,157.55599999999998,0,1,1,43.14,-2.55,Clc1ccccc1N(=O)=O
butachlor,-4.347,1,311.85300000000007,0,1,9,29.54,-4.19,CCCCOCN(C(=O)CCl)c1c(CC)cccc1CC 
Diazinon,-3.989,1,304.35200000000003,0,1,7,53.47,-3.64,CCOP(=S)(OCC)Oc1cc(C)nc(n1)C(C)C
Fenitrothion,-3.845,1,277.238,0,1,5,70.83000000000001,-4.04,COP(=S)(OC)Oc1ccc(N(=O)=O)c(C)c1
Lindane,-4.009,1,290.832,0,1,0,0.0,-4.64,ClC1C(Cl)C(Cl)C(Cl)C(Cl)C1Cl
1-Chloro-2-bromoethane,-1.7380000000000002,1,143.411,0,0,1,0.0,-1.32,ClCCBr
1-Hexadecanol,-4.94,1,242.44699999999992,1,0,14,20.23,-7.0,CCCCCCCCCCCCCCCCO
Indapamide,-4.345,1,365.842,2,3,3,92.5,-3.5860000000000003,CC2Cc1ccccc1N2NC(=O)c3ccc(Cl)c(c3)S(N)(=O)=O 
methylthiouracil,-0.547,1,142.18300000000002,2,1,0,48.65,-2.436,Cc1cc(=O)[nH]c(=S)[nH]1
ethofumesate,-3.184,1,286.34900000000005,0,2,4,61.830000000000005,-3.42,CCOC2Oc1ccc(OS(C)(=O)=O)cc1C2(C)C
Medrogestone,-4.593,1,340.5070000000001,0,4,1,34.14,-5.27,CC(=O)C3(C)CCC4C2C=C(C)C1=CC(=O)CCC1(C)C2CCC34C
3-Heptanoyloxymethylphenytoin,-4.496,1,394.471,1,3,9,75.71,-6.301,O=C1N(COC(=O)CCCCCC)C(=O)C(N1)(c2ccccc2)c3ccccc3
Cyfluthrin,-6.84,1,434.29400000000015,0,3,6,59.32000000000001,-7.337000000000001,CC1(C)C(C=C(Cl)Cl)C1C(=O)OC(C#N)c2ccc(F)c(Oc3ccccc3)c2
Lovastatin,-4.731,1,404.54700000000025,1,3,6,72.83,-6.005,CCC(C)C(=O)OC2CC(C)C=C3C=CC(C)C(CCC1CC(O)CC(=O)O1)C23 
"2,2',3,3',5,6-PCB",-7.185,1,360.88200000000006,0,2,1,0.0,-8.6,Clc1cccc(c1Cl)c2c(Cl)c(Cl)cc(Cl)c2Cl 
Chlorzoxazone,-2.679,1,169.567,1,2,0,46.0,-2.8310000000000004,Clc2ccc1oc(=O)[nH]c1c2
2-Undecanol,-3.096,1,172.312,1,0,8,20.23,-2.94,CCCCCCCCCC(C)O
Acrylonitrile,-0.354,1,53.06399999999999,0,0,0,23.79,0.15,C=CC#N
Acetanilide,-1.857,1,135.16599999999997,1,1,1,29.1,-1.33,CC(=O)Nc1ccccc1
"1,8-Cineole",-2.579,1,154.253,0,3,0,9.23,-1.74,CC12CCC(CC1)C(C)(C)O2
1-Bromohexane,-3.012,1,165.074,0,0,4,0.0,-3.81,CCCCCCBr
Piperine,-3.659,1,285.343,0,3,3,38.77,-3.46,O=C(C=CC=Cc2ccc1OCOc1c2)N3CCCCC3
alloxantin,0.919,1,286.156,6,2,1,191.0,-1.99,C1(=O)NC(=O)NC(=O)C1(O)C2(O)C(=O)NC(=O)NC2(=O)
1-Nitronapthalene,-3.414,1,173.171,0,2,1,43.14,-3.54,O=N(=O)c1cccc2ccccc12
Diphenyl ether ,-4.254,2,170.211,0,2,2,9.23,-3.96,O(c1ccccc1)c2ccccc2
1-Heptanol,-1.751,1,116.204,1,0,5,20.23,-1.81,CCCCCCCO
Thiram,-2.444,1,240.444,0,0,0,6.48,-3.9,CN(C)C(=S)SSC(=S)N(C)C 
"trans-1,4-Dimethylcyclohexane",-3.305,1,112.216,0,1,0,0.0,-4.47,C/C1CCC(\C)CC1
2-Chloronapthalene,-4.063,1,162.61899999999997,0,2,0,0.0,-4.14,Clc1ccc2ccccc2c1
Cyclopentene ,-1.72,2,68.11900000000001,0,1,0,0.0,-2.1,C1CC=CC1
Propazine,-3.329,1,229.71500000000003,2,1,4,62.73,-4.43,CC(C)Nc1nc(Cl)nc(NC(C)C)n1
Vinclozolin,-4.377,1,286.11400000000003,0,2,2,46.61,-4.925,CC1(OC(=O)N(C1=O)c2cc(Cl)cc(Cl)c2)C=C
Fenothiocarb,-3.297,1,253.367,0,1,6,29.540000000000003,-3.927,CN(C)C(=O)SCCCCOc1ccccc1
Benzophenone,-3.612,1,182.222,0,2,2,17.07,-3.12,O=C(c1ccccc1)c2ccccc2
Monotropitoside,-1.493,1,446.405,6,3,6,184.6,-0.742,COC(=O)c1ccccc1OC2OC(COC3OCC(O)C(O)C3O)C(O)C(O)C2O
fensulfothion,-3.283,1,308.36100000000005,0,1,7,44.760000000000005,-2.3,CCOP(=S)(OCC)Oc1ccc(cc1)S(C)=O 
bromopropylate,-5.832999999999999,1,428.12000000000006,1,2,4,46.53,-4.93,CC(C)OC(=O)C(O)(c1ccc(Br)cc1)c2ccc(Br)cc2 
benzhydrol,-3.033,1,184.238,1,2,2,20.23,-2.55,c1ccccc1C(O)c2ccccc2
o-Nitroanisole,-2.346,1,153.13699999999997,0,1,2,52.37,-1.96,COc1ccccc1N(=O)=O
4-Chlorophenol ,-2.761,1,128.558,1,1,0,20.23,-0.7,Oc1ccc(Cl)cc1
Bendroflumethiazide,-3.741,1,421.4220000000001,3,3,3,118.36,-3.59,NS(=O)(=O)c3cc2c(NC(Cc1ccccc1)NS2(=O)=O)cc3C(F)(F)F
Amitraz,-5.533,1,293.41400000000004,0,2,4,27.96,-5.47,CN(C=Nc1ccc(C)cc1C)C=Nc2ccc(C)cc2C
1-Bromopentane,-2.658,1,151.047,0,0,3,0.0,-3.08,CCCCCBr
Perfluidone,-4.945,1,379.381,1,2,4,80.31,-3.8,Cc1cc(ccc1NS(=O)(=O)C(F)(F)F)S(=O)(=O)c2ccccc2
Methyldymron,-3.863,1,268.36,1,2,3,32.34,-3.35,CN(C(=O)NC(C)(C)c1ccccc1)c2ccccc2
9-Methylanthracene,-4.87,1,192.261,0,3,0,0.0,-5.89,Cc1c2ccccc2cc3ccccc13
2-Hydroxypyridine,-1.655,1,95.101,1,1,0,33.120000000000005,1.02,Oc1ccccn1
Tribromomethane,-2.904,1,252.731,0,0,0,0.0,-1.91,BrC(Br)Br
Ethyl decanoate,-3.671,1,200.322,0,0,9,26.3,-4.1,CCCCCCCCCC(=O)OCC
dexamethasone acetate,-3.933,1,434.5040000000003,2,4,3,100.9,-4.9,CC4CC3C2CCC1=CC(=O)C=CC1(C)C2(F)C(O)CC3(C)C4(O)C(=O)COC(C)=O 
"1,3-Dibromobenzene",-4.298,1,235.906,0,1,0,0.0,-3.54,Brc1cccc(Br)c1
Dinitramine,-4.479,1,322.243,1,1,5,115.54000000000002,-5.47,CCN(CC)c1c(cc(c(N)c1N(=O)=O)C(F)(F)F)N(=O)=O
"2,6-Dichlorophenol",-3.012,1,163.003,1,1,0,20.23,-1.79,Oc1c(Cl)cccc1Cl
chlordimeform,-3.164,1,196.681,0,1,2,15.6,-2.86,CN(C)C=Nc1ccc(Cl)cc1C
Triclosan,-5.645,1,289.545,1,2,2,29.46,-4.46,Oc1cc(Cl)ccc1Oc2ccc(Cl)cc2Cl
Isobutyl acetate,-1.463,1,116.15999999999998,0,0,2,26.3,-1.21,CC(C)COC(=O)C
Dulcin,-2.167,1,180.207,2,1,3,64.35,-2.17,CCOc1ccc(NC(N)=O)cc1
Benzo[ghi]perylene,-6.446000000000001,2,276.338,0,6,0,0.0,-9.018,c1cc2ccc3ccc4ccc5cccc6c(c1)c2c3c4c56
Benzo(b)fluorene,-5.189,2,216.283,0,4,0,0.0,-8.04,C1c2ccccc2c3cc4ccccc4cc13
Buthidazole,-2.398,1,256.331,1,2,1,69.56,-1.877,CN1CC(O)N(C1=O)c2nnc(s2)C(C)(C)C
Isopropyl acetate,-1.1909999999999998,1,102.133,0,0,1,26.3,-0.55,CC(C)OC(=O)C
2-Ethylnaphthalene,-4.1,1,156.22799999999998,0,2,1,0.0,-4.29,CCc1ccc2ccccc2c1
Tetrahydropyran ,-0.978,2,86.134,0,1,0,9.23,-0.03,C1CCOCC1
Phenmedipham,-4.229,1,300.314,2,2,3,76.66,-4.805,COC(=O)Nc1cccc(OC(=O)Nc2cccc(C)c2)c1
Trichloroacetonitrile,-2.019,1,144.388,0,0,0,23.79,-2.168,ClC(Cl)(Cl)C#N
Benzoxazole,-2.214,2,119.12299999999998,0,2,0,26.03,-1.16,c2ccc1ocnc1c2
Aminocarb,-2.677,1,208.261,1,1,2,41.57,-2.36,CNC(=O)Oc1ccc(N(C)C)c(C)c1
Dinoseb,-3.715,1,240.21499999999995,1,1,4,106.51000000000002,-3.38,CCC(C)c1cc(cc(N(=O)=O)c1O)N(=O)=O 
2-Ethyl-1-hexanol,-2.089,1,130.231,1,0,5,20.23,-2.11,CCCCC(CC)CO
Ethyl propyl ether,-1.072,1,88.14999999999999,0,0,3,9.23,-0.66,CCCOCC
"1,4-Difluorobenzene",-2.636,1,114.094,0,1,0,0.0,-1.97,Fc1ccc(F)cc1
Thiamphenicol,-1.936,1,356.2270000000001,3,1,6,103.70000000000002,-2.154,CS(=O)(=O)c1ccc(cc1)C(O)C(CO)NC(=O)C(Cl)Cl 
"1,2-Diethylbenzene",-3.6010000000000004,1,134.22199999999998,0,1,2,0.0,-3.28,CCc1ccccc1CC
Iodobenzene,-3.8,1,204.01,0,1,0,0.0,-3.01,Ic1ccccc1
bromoxynil,-3.793,1,276.915,1,1,0,44.02,-3.33,Oc1c(Br)cc(C#N)cc1Br 
Hexylbenzene ,-4.22,1,162.276,0,1,5,0.0,-5.21,CCCCCCc1ccccc1
"2,2',3,5,5',6-PCB",-7.261,1,360.88200000000006,0,2,1,0.0,-7.42,Clc1ccc(Cl)c(c1)c2c(Cl)c(Cl)cc(Cl)c2Cl 
o-Chlorobromobenzene,-3.84,1,191.455,0,1,0,0.0,-3.19,Clc1ccccc1Br
3-Pentanoyloxymethylphenytoin,-3.81,1,366.417,1,3,7,75.71,-4.678,O=C1N(COC(=O)CCCC)C(=O)C(N1)(c2ccccc2)c3ccccc3
sulfaguanidine,-0.706,1,214.25,4,1,2,122.06,-1.99,NC(=N)NS(=O)(=O)c1ccc(N)cc1 
"1,1-Dichloroethane",-1.5759999999999998,1,98.96,0,0,0,0.0,-1.29,CC(Cl)Cl
6-methoxypteridine,-1.589,1,162.15200000000002,0,2,1,60.790000000000006,-1.139,COc2cnc1ncncc1n2
Formetanate,-1.846,1,221.26,1,1,3,53.93,-2.34,CNC(=O)Oc1cccc(N=CN(C)C)c1
Isofenphos,-4.538,1,345.4010000000002,1,1,8,56.790000000000006,-4.194,CCOP(=S)(NC(C)C)Oc1ccccc1C(=O)OC(C)C
tetramethylurea,-0.495,1,116.164,0,0,0,23.550000000000004,0.94,CN(C)C(=O)N(C)C 
"1,1,1-Trichloroethane",-2.232,1,133.405,0,0,0,0.0,-2.0,CC(Cl)(Cl)Cl
2-aminoanthracene,-3.789,1,193.249,1,3,0,26.02,-5.17,Nc3ccc2cc1ccccc1cc2c3 
Dichloromethane,-1.156,1,84.93299999999999,0,0,0,0.0,-0.63,ClCCl
prednisolone acetate,-3.507,1,402.48700000000014,2,4,3,100.90000000000002,-4.37,CC(=O)OCC(=O)C3(O)CCC4C2CCC1=CC(=O)C=CC1(C)C2C(O)CC34C 
1-Iodonapthalene,-4.888999999999999,1,254.07,0,2,0,0.0,-4.55,Ic1cccc2ccccc12
Bensulide,-4.99,1,397.52400000000006,1,1,10,64.63,-4.2,CC(C)OP(=S)(OC(C)C)SCCNS(=O)(=O)c1ccccc1
Quinoline,-2.6630000000000003,2,129.16199999999998,0,2,0,12.89,-1.3,c1ccc2ncccc2c1
"1,2-Benzenediol",-1.635,1,110.11199999999998,2,1,0,40.46,0.62,Oc1ccccc1O
Mefluidide,-3.165,1,310.297,2,1,3,75.27000000000001,-3.24,CC(=O)Nc1cc(NS(=O)(=O)C(F)(F)F)c(C)cc1C
phenolphthalein,-4.59,1,318.32800000000003,2,4,2,66.76,-2.9,Oc1ccc(cc1)C2(OC(=O)c3ccccc23)c4ccc(O)cc4 
1-Chloroheptane,-3.003,1,134.65,0,0,5,0.0,-4.0,CCCCCCCCl
phenobarbital,-2.272,1,232.239,2,2,2,75.27000000000001,-2.322,CCC1(C(=O)NC(=O)NC1=O)c2ccccc2 
RTI 20,-3.663,1,255.292,0,3,2,20.31,-4.799,C2c1ccccc1N(CCF)C(=O)c3ccccc23 
Dicapthon,-4.188,1,297.656,0,1,5,70.83000000000001,-4.31,COP(=S)(OC)Oc1ccc(cc1Cl)N(=O)=O
L-arabinose,0.601,1,150.13,4,1,0,90.15,0.39,C1OC(O)C(O)C(O)C1O
Acrolein,-0.184,1,56.064,0,0,1,17.07,0.57,C=CC=O
"2,2',3,3',5,5',6,6'-PCB",-8.304,1,429.77200000000016,0,2,1,0.0,-9.15,Clc1cc(Cl)c(Cl)c(c1Cl)c2c(Cl)c(Cl)cc(Cl)c2Cl 
Thalidomide,-1.944,1,258.233,1,3,1,83.55000000000001,-2.676,O=C1N(C2CCC(=O)NC2=O)C(=O)c3ccccc13
Benfluralin,-5.205,1,335.28200000000004,0,1,7,89.51999999999998,-5.53,CCCCN(CC)c1c(cc(cc1N(=O)=O)C(F)(F)F)N(=O)=O
Dyphylline,-0.847,1,254.24599999999995,2,2,3,102.28,-0.17,Cn2c(=O)n(C)c1ncn(CC(O)CO)c1c2=O
Methyl propyl ether ,-0.718,1,74.12299999999999,0,0,2,9.23,-0.39,CCCOC
Androstenedione,-3.393,1,286.415,0,4,0,34.14,-3.69,CC34CCC1C(CCC2=CC(=O)CCC12C)C3CCC4=O
d-Limonene,-3.429,1,136.238,0,1,1,0.0,-4.26,CC1=CCC(CC1)C(C)=C
Glycerol,0.688,1,92.094,3,0,2,60.69,1.12,OCC(O)CO
Procymidone,-3.464,1,284.142,0,3,1,37.38,-4.8,CC12CC2(C)C(=O)N(C1=O)c3cc(Cl)cc(Cl)c3
estriol,-3.858,1,288.387,3,4,0,60.69,-4.955,CC34CCC1C(CCc2cc(O)ccc12)C3CC(O)C4O 
Etofenprox,-6.896,1,376.496,0,3,9,27.69,-8.6,CCOc1ccc(cc1)C(C)(C)COCc3cccc(Oc2ccccc2)c3
Propylene,-1.235,1,42.081,0,0,0,0.0,-1.08,CC=C
2-Methylbutane,-2.245,1,72.151,0,0,1,0.0,-3.18,CCC(C)C
"5,5-Diisopropylbarbital",-1.942,1,212.249,2,1,2,75.27000000000001,-2.766,O=C1NC(=O)NC(=O)C1(C(C)C)C(C)C
3-Methyl-2-pentanol,-1.308,1,102.177,1,0,3,20.23,-0.71,CCC(C)CCO
"2,4,6-Trichlorophenol",-3.648,1,197.448,1,1,0,20.23,-2.34,Oc1c(Cl)cc(Cl)cc1Cl
"2,4,5-Trichlorophenol ",-3.78,1,197.448,1,1,0,20.23,-2.21,Oc1cc(Cl)c(Cl)cc1Cl
Tricresyl phosphate,-6.39,1,368.3690000000001,0,3,6,44.760000000000005,-6.01,Cc1ccc(OP(=O)(Oc2cccc(C)c2)Oc3ccccc3C)cc1
Rovral,-4.004,1,330.17100000000005,1,2,2,69.72,-4.376,CC(C)NC(=O)N1CC(=O)N(C1=O)c2cc(Cl)cc(Cl)c2
dioctyl phthalate,-7.148,1,390.5640000000004,0,1,16,52.60000000000001,-5.115,CCCCCCCCOC(=O)c1ccccc1C(=O)OCCCCCCCC 
Ronnel,-5.247000000000001,1,321.549,0,1,4,27.69,-5.72,COP(=S)(OC)Oc1cc(Cl)c(Cl)cc1Cl
Coumachlor,-4.553999999999999,1,342.7780000000001,1,3,4,67.50999999999999,-5.839,CC(=O)CC(c1ccc(Cl)cc1)c2c(O)c3ccccc3oc2=O
2-Phenoxyethanol,-1.761,1,138.16599999999997,1,1,3,29.46,-0.7,OCCOc1ccccc1
2-Chlorophenol,-2.553,1,128.558,1,1,0,20.23,-1.06,Oc1ccccc1Cl
Pyrazinamide,-0.674,1,123.11499999999998,1,1,1,68.87,-0.667,NC(=O)c1cnccn1
"2,2'-PCB",-4.984,1,223.102,0,2,1,0.0,-5.27,Clc1ccccc1c2ccccc2Cl 
"1,2,3,5-Tetrachlorobenzene",-4.621,1,215.894,0,1,0,0.0,-4.63,Clc1cc(Cl)c(Cl)c(Cl)c1
Terbutryn,-3.75,1,241.364,2,1,4,62.73,-4.0,CCNc1nc(NC(C)(C)C)nc(SC)n1
Siduron,-3.779,1,232.32700000000003,2,2,2,41.13,-4.11,CC1CCCCC1NC(=O)Nc2ccccc2
Diuron,-3.301,1,233.098,1,1,1,32.34,-3.8,CN(C)C(=O)Nc1ccc(Cl)c(Cl)c1
Methoprene,-4.795,1,310.47800000000007,0,0,10,35.53,-5.19,COC(C)(C)CCCC(C)CC=CC(C)=CC(=O)OC(C)C
Malonic acid diethylester,-1.413,1,160.16899999999998,0,0,4,52.60000000000001,-0.82,CCOC(=O)CC(=O)OCC
Cyclohexene,-2.16,2,82.146,0,1,0,0.0,-2.59,C1CCC=CC1
Pentane,-2.261,1,72.151,0,0,2,0.0,-3.18,CCCCC
2-Methyl-1-Butene,-1.994,1,70.13499999999999,0,0,1,0.0,-2.73,CCC(=C)C
dimetan,-2.3040000000000003,1,211.26099999999997,0,1,1,46.61,-0.85,CN(C)C(=O)OC1=CC(=O)CC(C)(C)C1 
3-Hexanone,-1.266,1,100.161,0,0,3,17.07,-0.83,CCCC(=O)CC
Dibutyl ether ,-2.135,1,130.231,0,0,6,9.23,-1.85,CCCCOCCCC
1-Methylnaphthalene,-3.802,1,142.201,0,2,0,0.0,-3.7,Cc1cccc2ccccc12
Chloroethylene,-1.188,1,62.499,0,0,0,0.0,-1.75,ClC=C
Disulfiram,-3.862,1,296.5520000000001,0,0,4,6.48,-4.86,CCN(CC)C(=S)SSC(=S)N(CC)CC
Methylcyclohexane ,-2.891,1,98.189,0,1,0,0.0,-3.85,CC1CCCCC1
"9,10-Dimethylanthracene",-5.228,1,206.288,0,3,0,0.0,-6.57,Cc1c2ccccc2c(C)c3ccccc13
propachlor,-3.018,1,211.69200000000004,0,1,3,20.31,-2.48,CC(C)N(C(=O)CCl)c1ccccc1 
Pyridazine,-0.619,2,80.08999999999999,0,1,0,25.78,1.1,c1ccnnc1
Bromodichloromethane,-2.176,1,163.82899999999998,0,0,0,0.0,-1.54,BrC(Cl)Cl
Thymol,-3.129,1,150.22099999999998,1,1,1,20.23,-2.22,CC(C)c1ccc(C)cc1O
Ethylcyclohexane,-3.245,1,112.216,0,1,1,0.0,-4.25,CCC1CCCCC1
"2,3-Dichlorophenol",-3.144,1,163.003,1,1,0,20.23,-1.3,Oc1cccc(Cl)c1Cl
Ipazine,-3.497,1,243.742,1,1,5,53.940000000000005,-3.785,CCN(CC)c1nc(Cl)nc(NC(C)C)n1
Amobarbital,-2.312,1,226.276,2,1,4,75.27000000000001,-2.468,CCC1(CCC(C)C)C(=O)NC(=O)NC1=O
phthalimide,-1.882,1,147.13299999999998,1,2,0,46.17,-2.61,O=C1NC(=O)c2ccccc12 
Phosalone,-5.024,1,367.8160000000001,0,2,7,53.6,-5.233,CCOP(=S)(OCC)SCn1c(=O)oc2cc(Cl)ccc12
Methylparaben,-2.441,1,152.149,1,1,1,46.53,-1.827,COC(=O)c1ccc(O)cc1
Coronene,-6.885,2,300.36000000000007,0,7,0,0.0,-9.332,c1cc2ccc3ccc4ccc5ccc6ccc1c7c2c3c4c5c67
Fenthion,-4.265,1,278.335,0,1,5,27.69,-4.57,COP(=S)(OC)Oc1ccc(SC)c(C)c1
Dimethoxymethane,0.092,1,76.095,0,0,2,18.46,0.48,COCOC
"cis-1,2-Dimethylcyclohexane",-3.305,1,112.216,0,1,0,0.0,-4.3,C/C1CCCCC1\C
Cyclopentane ,-2.0380000000000003,2,70.135,0,1,0,0.0,-2.64,C1CCCC1
Ethyl nonanoate,-3.3160000000000003,1,186.295,0,0,8,26.3,-3.8,CCCCCCCCC(=O)OCC
"2,4-Dinitrotoluene",-2.604,1,182.135,0,1,2,86.28,-2.82,Cc1ccc(cc1N(=O)=O)N(=O)=O
p-Nitroaniline,-1.936,1,138.126,1,1,1,69.16,-2.37,Nc1ccc(cc1)N(=O)=O
3-Methyl-3-hexanol,-1.663,1,116.20399999999998,1,0,3,20.23,-0.98,CCCC(C)(O)CC
2-Methylbutan-2-ol,-0.954,1,88.14999999999998,1,0,1,20.23,0.15,CCC(C)(C)O
Lorazepam,-3.75,1,321.163,2,3,1,61.690000000000005,-3.604,OC3N=C(c1ccccc1Cl)c2cc(Cl)ccc2NC3=O
"2,2-Dimethylpentanol",-1.719,1,116.20399999999998,1,0,3,20.23,-1.52,CCCC(C)(C)CO
Desmedipham,-4.182,1,300.314,2,2,4,76.66,-4.632,CCOC(=O)Nc2cccc(OC(=O)Nc1ccccc1)c2 
Flurochloridone,-4.749,1,312.118,0,2,2,20.31,-4.047,FC(F)(F)c1cccc(c1)N2CC(CCl)C(Cl)C2=O
Sorbitol,0.647,1,182.172,6,0,5,121.38,1.09,OCC(O)C(O)C(O)C(O)CO
difluron,-4.692,1,310.687,2,2,2,58.2,-6.02,Fc1cccc(F)c1C(=O)NC(=O)Nc2ccc(Cl)cc2
2-Methyl-2-heptanol,-2.017,1,130.231,1,0,4,20.23,-1.72,CCCCCC(C)(C)O
Mirex,-6.155,1,545.5460000000002,0,6,0,0.0,-6.8,ClC1(C2(Cl)C3(Cl)C4(Cl)C5(Cl)C1(Cl)C3(Cl)Cl)C5(Cl)C(Cl)(Cl)C24Cl
Methanol,0.441,1,32.042,1,0,0,20.23,1.57,CO
"Atovaquone(0,430mg/ml) - neutral",-6.269,1,366.84400000000016,1,4,2,54.37,-5.931,OC4=C(C1CCC(CC1)c2ccc(Cl)cc2)C(=O)c3ccccc3C4=O
3-Methylphenol,-2.313,1,108.14,1,1,0,20.23,-0.68,Cc1cccc(O)c1
Isoquinoline,-2.531,2,129.16199999999998,0,2,0,12.89,-1.45,c1ccc2cnccc2c1
Trietazine,-3.233,1,229.715,1,1,5,53.940000000000005,-4.06,CCNc1nc(Cl)nc(n1)N(CC)CC
simazine,-2.8110000000000004,1,201.661,2,1,4,62.73,-4.55,CCNc1nc(Cl)nc(NCC)n1 
o-Aminophenol,-1.465,1,109.128,2,1,0,46.25,-0.72,Nc1ccccc1O
"2,2',3,3',4,4',5,5',6,6'-PCB",-9.589,1,498.66200000000026,0,2,1,0.0,-11.6,Clc1c(Cl)c(Cl)c(c(Cl)c1Cl)c2c(Cl)c(Cl)c(Cl)c(Cl)c2Cl 
"2,4-Dimethyl-2-pentanol ",-1.6469999999999998,1,116.20399999999998,1,0,2,20.23,-0.92,CC(C)CC(C)(C)O
Carvone,-2.042,1,150.22099999999998,0,1,1,17.07,-2.06,CC(=C)C1CC=C(C)C(=O)C1
1-Butene,-1.655,1,56.108,0,0,1,0.0,-1.94,CCC=C
"1,2-Dichloroethane",-1.374,1,98.96,0,0,1,0.0,-1.06,ClCCCl
2-Methylpropene,-1.5730000000000002,1,56.108,0,0,0,0.0,-2.33,CC(=C)C
2-Methylnapthalene,-3.802,1,142.201,0,2,0,0.0,-3.77,Cc1ccc2ccccc2c1
Benzo(a)pyrene,-6.007000000000001,2,252.316,0,5,0,0.0,-8.699,c1ccc2c(c1)cc3ccc4cccc5ccc2c3c45
Methoxsalen,-3.25,1,216.19199999999995,0,3,1,52.58,-3.664,COc2c1occc1cc3ccc(=O)oc23 
Pencycuron,-5.126,1,328.843,1,3,4,32.34,-5.915,Clc1ccc(CN(C2CCCC2)C(=O)Nc3ccccc3)cc1
Chloropicrin,-1.866,1,164.375,0,0,0,43.14,-2.0,ClC(Cl)(Cl)N(=O)=O
triamcinolone diacetate,-3.876,1,478.51300000000026,2,4,4,127.20000000000002,-4.13,CC(=O)OCC(=O)C3(O)C(CC4C2CCC1=CC(=O)C=CC1(C)C2(F)C(O)CC34C)OC(C)=O 
3-Methyl-1-Butene,-1.994,1,70.135,0,0,1,0.0,-2.73,CC(C)C=C
"2,2',3,4,6-PCB",-6.627000000000001,1,326.437,0,2,1,0.0,-7.43,Clc1ccc(c(Cl)c1)c2c(Cl)ccc(Cl)c2Cl 
Chlordene,-5.152,1,338.876,0,3,0,0.0,-5.64,ClC2=C(Cl)C3(Cl)C1C=CCC1C2(Cl)C3(Cl)Cl 
Isopropylbenzene ,-3.265,1,120.19499999999996,0,1,1,0.0,-3.27,CC(C)c1ccccc1
Diethyl ether ,-0.718,1,74.123,0,0,2,9.23,-0.09,CCOCC
"2,4-Dimethylpyridine",-2.0980000000000003,1,107.156,0,1,0,12.89,0.38,Cc1ccnc(C)c1
Menadione,-2.667,1,172.18299999999996,0,2,0,34.14,-3.03,CC2=CC(=O)c1ccccc1C2=O 
"1,1-Dichloroethylene",-1.939,1,96.944,0,0,0,0.0,-1.64,ClC(=C)Cl
"2,2',3,5'-PCB",-6.155,1,291.9920000000001,0,2,1,0.0,-6.47,Clc1ccc(Cl)c(c1)c2cccc(Cl)c2Cl 
4-Chlorotoluene,-3.297,1,126.586,0,1,0,0.0,-3.08,Cc1ccc(Cl)cc1
Methyl acetate,-0.416,1,74.07900000000001,0,0,0,26.3,0.46,COC(=O)C
4-hydroxypyridine,-1.655,1,95.10099999999998,1,1,0,33.120000000000005,1.02,Oc1ccncc1
Cyhalothrin,-6.905,1,449.8560000000001,0,3,6,59.32000000000001,-8.176,CC1(C)C(C=C(Cl)C(F)(F)F)C1C(=O)OC(C#N)c2cccc(Oc3ccccc3)c2
7-methylpteridine,-1.24,1,146.153,0,2,0,51.56,-0.8540000000000001,Cc2cnc1cncnc1n2
hydrobenzoin,-2.645,1,214.264,2,2,3,40.46,-1.93,c1ccccc1C(O)C(O)c2ccccc2
Metoxuron,-2.6830000000000003,1,228.679,1,1,2,41.57,-2.564,COc1ccc(NC(=O)N(C)C)cc1Cl
Bromacil,-3.419,1,261.119,1,1,2,54.86,-2.523,CCC(C)n1c(=O)[nH]c(C)c(Br)c1=O 
"2,6-Dimethylnaphthalene ",-4.147,1,156.228,0,2,0,0.0,-4.89,Cc1ccc2cc(C)ccc2c1
1-Hexanol,-1.3969999999999998,1,102.177,1,0,4,20.23,-1.24,CCCCCCO
"O,P'-DDD",-6.007999999999999,1,320.04600000000005,0,2,3,0.0,-6.51,ClC(Cl)C(c1ccc(Cl)cc1)c2ccccc2Cl 
m-Nitrophenol,-2.318,1,139.11,1,1,1,63.37,-1.01,Oc1cccc(c1)N(=O)=O
Pyrene,-4.957,2,202.256,0,4,0,0.0,-6.176,c1cc2ccc3cccc4ccc(c1)c2c34
Triamcinolone,-2.734,1,394.43900000000014,4,4,2,115.06000000000002,-3.68,CC34CC(O)C1(F)C(CCC2=CC(=O)C=CC12C)C3CC(O)C4(O)C(=O)CO
Coumaphos,-5.04,1,362.7710000000001,0,2,6,57.9,-5.382000000000001,CCOP(=S)(OCC)Oc2ccc1oc(=O)c(Cl)c(C)c1c2
o-Nitrophenol,-2.318,1,139.11,1,1,1,63.37,-1.74,Oc1ccccc1N(=O)=O
"2,2',4,5'-PCB",-6.23,1,291.992,0,2,1,0.0,-6.57,Clc1ccc(c(Cl)c1)c2cc(Cl)ccc2Cl 
Ethyl-p-hydroxybenzoate ,-2.761,1,166.176,1,1,2,46.53,-2.35,CCOC(=O)c1ccc(O)cc1
Propionaldehyde,-0.3939999999999999,1,58.08,0,0,1,17.07,0.58,CCC=O
Carbanilide,-3.611,1,212.252,2,2,2,41.13,-3.15,O=C(Nc1ccccc1)Nc2ccccc2
"2,4'-PCB",-5.142,1,223.102,0,2,1,0.0,-5.28,Clc1ccc(cc1)c2ccccc2Cl 
Risocaine,-2.709,1,179.21899999999997,1,1,3,52.32,-2.452,CCCOC(=O)c1ccc(N)cc1
1-Pentene ,-2.01,1,70.135,0,0,2,0.0,-2.68,CCCC=C
Cyclopropyl-5-spirobarbituric acid,-0.088,1,154.125,2,2,0,75.27,-1.886,O=C2NC(=O)C1(CC1)C(=O)N2 
Monuron,-2.6710000000000003,1,198.653,1,1,1,32.34,-2.89,CN(C)C(=O)Nc1ccc(Cl)cc1
cortisone acetate,-3.426,1,402.48700000000025,1,4,3,97.74,-4.21,CC(=O)OCC(=O)C3(O)CCC4C2CCC1=CC(=O)CCC1(C)C2C(=O)CC34C 
2-Methyltetrahydrofurane,-1.034,1,86.134,0,1,0,9.23,0.11,CC1CCCO1
3-Hexyne,-1.933,1,82.14599999999999,0,0,0,0.0,-1.99,CCC#CCC
Azodrin,-0.949,1,223.165,1,0,5,73.86,0.6509999999999999,CNC(=O)C=C(C)OP(=O)(OC)OC
"1,4-Diethylbenzene ",-3.633,1,134.22199999999998,0,1,2,0.0,-3.75,CCc1ccc(CC)cc1
biquinoline,-4.9030000000000005,2,256.308,0,4,1,25.78,-5.4,c2ccc1nc(ccc1c2)c4ccc3ccccc3n4 
Benomyl,-2.902,1,290.323,2,2,4,85.25,-4.883,CCCCNC(=O)n1c(NC(=O)OC)nc2ccccc12
bromadiolone,-7.877000000000001,1,527.4140000000002,2,5,6,70.67,-4.445,OC(CC(c1ccccc1)c3c(O)c2ccccc2oc3=O)c4ccc(cc4)c5ccc(Br)cc5 
Guaiacol,-1.941,1,124.13899999999995,1,1,1,29.46,-1.96,COc1ccccc1O 
2-Hexanone,-1.2,1,100.161,0,0,3,17.07,-0.8,CCCCC(=O)C
N-Methylaniline ,-2.097,1,107.15599999999998,1,1,1,12.03,-1.28,CNc1ccccc1
"1,4-Dinitrobenzene",-2.281,1,168.10799999999995,0,1,2,86.28,-3.39,O=N(=O)c1ccc(cc1)N(=O)=O
"2,4,6-Trimethylphenol",-2.9410000000000003,1,136.194,1,1,0,20.23,-2.05,Cc1cc(C)c(O)c(C)c1
Theophylline,-1.452,1,180.167,1,2,0,72.68,-1.39,Cn1c(=O)n(C)c2nc[nH]c2c1=O
"2,4-Dimethyl-3-pentanone",-1.7519999999999998,1,114.18799999999996,0,0,2,17.07,-1.3,CC(C)C(=O)C(C)C
Pentobarbital,-2.312,1,226.27599999999995,2,1,4,75.27000000000001,-2.39,O=C1NC(=O)NC(=O)C1(CC)C(C)CCC
m-Xylene ,-3.035,1,106.168,0,1,0,0.0,-2.82,Cc1cccc(C)c1
2-Methylbutanol,-1.027,1,88.14999999999999,1,0,2,20.23,-0.47,CCC(C)CO
4-Nitroacetanilide,-2.219,1,180.163,1,1,2,72.24000000000001,-2.692,CC(=O)Nc1ccc(cc1)N(=O)=O
Cycloheptene,-2.599,2,96.173,0,1,0,0.0,-3.18,C1CCC=CCC1
"2,4',5-PCB",-5.7620000000000005,1,257.547,0,2,1,0.0,-6.25,Clc1ccc(cc1)c2cc(Cl)ccc2Cl 
Diiodomethane,-2.958,1,267.835,0,0,0,0.0,-2.34,ICI
Buturon,-3.199,1,236.702,1,1,2,32.34,-3.9,CC(C#C)N(C)C(=O)Nc1ccc(Cl)cc1
thioanisole,-2.87,1,124.208,0,1,1,0.0,-2.39,c1ccccc1SC
Hexestrol,-4.854,1,270.372,2,2,5,40.46,-4.43,CCC(C(CC)c1ccc(O)cc1)c2ccc(O)cc2
Fenfuram,-2.885,1,201.225,1,2,2,42.24,-3.3,Cc1occc1C(=O)Nc2ccccc2
4-Methylpentanol,-1.381,1,102.177,1,0,3,20.23,-1.14,CC(C)CCCO
Cycloheptanol,-1.7,1,114.188,1,1,0,20.23,-0.88,OC1CCCCCC1
Methoxychlor,-5.537999999999999,1,345.6529999999999,0,2,4,18.46,-6.89,COc1ccc(cc1)C(c2ccc(OC)cc2)C(Cl)(Cl)Cl
uracil,-0.441,1,112.088,2,1,0,65.72,-1.4880000000000002,O=c1cc[nH]c(=O)[nH]1 
Isonazid,-0.7170000000000001,1,137.14200000000002,2,1,1,68.01,0.009,c1nccc(C(=O)NN)c1
Napthacene,-5.568,2,228.294,0,4,0,0.0,-8.6,c1ccc2cc3cc4ccccc4cc3cc2c1
Naled,-3.548,1,380.784,0,0,5,44.760000000000005,-2.28,COP(=O)(OC)OC(Br)C(Cl)(Cl)Br
thiofanox,-2.7,1,218.322,1,0,3,50.69,-1.62,CNC(=O)ON=C(CSC)C(C)(C)C 
Urea,0.8320000000000001,1,60.056,2,0,0,69.11,0.96,NC(=O)N
Linuron,-3.5810000000000004,1,249.097,1,1,2,41.57,-3.592,CON(C)C(=O)Nc1ccc(Cl)c(Cl)c1
Cyclooctyl-5-spirobarbituric acid,-2.2840000000000003,1,224.26,2,2,0,75.27,-2.982,O=C2NC(=O)C1(CCCCCCC1)C(=O)N2
Estragole,-3.074,1,148.205,0,1,3,9.23,-2.92,c1(OC)ccc(CC=C)cc1
"1,3,5-Tribromobenzene",-5.27,1,314.802,0,1,0,0.0,-5.6,Brc1cc(Br)cc(Br)c1
2-Methyl-2-pentanol,-1.308,1,102.17699999999998,1,0,2,20.23,-0.49,CCCC(C)(C)O
Methyl benzoate ,-2.462,1,136.14999999999998,0,1,1,26.3,-1.85,COC(=O)c1ccccc1
m-Methylaniline,-1.954,1,107.156,1,1,0,26.02,-0.85,Cc1cccc(N)c1
Propetamphos,-2.826,1,281.314,1,0,7,56.790000000000006,-3.408,CCNP(=S)(OC)OC(=CC(=O)OC(C)C)C
Meprobamate,-1.376,1,218.253,2,0,6,104.64,-1.807,CCCC(C)(COC(N)=O)COC(N)=O 
"1,3-Difluorobenzene",-2.636,1,114.094,0,1,0,0.0,-2.0,Fc1cccc(F)c1
3-Ethyl-3-pentanol,-1.663,1,116.204,1,0,3,20.23,-0.85,CCC(O)(CC)CC
Nitromethane,-0.042,1,61.040000000000006,0,0,0,43.14,0.26,CN(=O)=O
p-Methoxybenzaldehyde,-2.252,1,136.14999999999998,0,1,2,26.3,-1.49,COc1ccc(C=O)cc1
Fluridone,-4.249,1,329.321,0,3,2,22.0,-4.445,Cn2cc(c1ccccc1)c(=O)c(c2)c3cccc(c3)C(F)(F)F
"2,3',5-PCB",-5.7620000000000005,1,257.547,0,2,1,0.0,-6.01,Clc1cccc(c1)c2cc(Cl)ccc2Cl 
RTI 24,-4.423,1,273.723,1,3,1,45.23,-5.36,CCN2c1cc(Cl)ccc1NC(=O)c3cccnc23 
Warfarin,-3.913,1,308.3330000000001,1,3,4,67.50999999999999,-3.893,CC(=O)CC(c1ccccc1)c3c(O)c2ccccc2oc3=O 
"1,1,2-Trichloroethane",-1.961,1,133.405,0,0,1,0.0,-1.48,ClCC(Cl)Cl
Pyrolan,-3.141,1,245.282,0,2,2,47.36000000000001,-2.09,CN(C)C(=O)Oc1cc(C)nn1c2ccccc2
Carboxin,-2.927,1,235.308,1,2,2,38.33,-3.14,CC1=C(SCCO1)C(=O)Nc2ccccc2
1-Iodobutane,-2.841,1,184.02,0,0,2,0.0,-2.96,CCCCI
Cyclooctane,-3.355,2,112.216,0,1,0,0.0,-4.15,C1CCCCCCC1
"N,N-Dimethylacetamide",0.123,1,87.12199999999999,0,0,0,20.31,1.11,CN(C)C(=O)C
2-Hexanol,-1.324,1,102.17699999999998,1,0,3,20.23,-0.89,CCCCC(C)O
"5,5-Dimethylbarbituric acid",-0.556,1,156.141,2,1,0,75.27000000000001,-1.742,O=C1NC(=O)NC(=O)C1(C)C
Chloroacetonitrile,-0.4479999999999999,1,75.498,0,0,0,23.79,-0.092,ClCC#N
3-Chlorobiphenyl,-4.685,1,188.657,0,2,1,0.0,-4.88,c1c(Cl)cccc1c2ccccc2
1-Ethylnaphthalene ,-4.1,1,156.22799999999998,0,2,1,0.0,-4.17,CCc1cccc2ccccc12
2-Napthol,-3.08,1,144.17299999999997,1,2,0,20.23,-2.28,Oc1ccc2ccccc2c1
1-Methylfluorene,-4.478,1,180.25000000000003,0,3,0,0.0,-5.22,Cc1cccc2c1Cc3ccccc32
Hypoxanthine,-0.6559999999999999,1,136.114,2,2,0,74.43,-2.296,O=c1[nH]cnc2nc[nH]c12 
RTI 23,-4.228,1,283.331,1,3,2,54.46,-5.153,CCN2c1cc(OC)cc(C)c1NC(=O)c3cccnc23 
"1,2,3-Trimethylbenzene ",-3.312,1,120.195,0,1,0,0.0,-3.2,Cc1cccc(C)c1C
1-Pentadecanol,-4.586,1,228.41999999999996,1,0,13,20.23,-6.35,CCCCCCCCCCCCCCCO
"cis 1,2-Dichloroethylene",-1.561,1,96.94400000000002,0,0,0,0.0,-1.3,Cl\C=C/Cl
hydrazobenzene,-3.492,2,184.242,2,2,3,24.06,-2.92,N(Nc1ccccc1)c2ccccc2 
4-Pentene-1-ol,-0.7909999999999999,1,86.134,1,0,3,20.23,-0.15,OCCCC=C
1-Phenylethanol,-1.919,1,122.16699999999996,1,1,1,20.23,-0.92,CC(O)c1ccccc1
Clonazepam,-3.707,1,315.716,1,3,2,84.6,-3.499,Clc1ccccc1C2=NCC(=O)Nc3ccc(cc23)N(=O)=O
Epitostanol,-4.545,1,306.51500000000004,1,5,0,20.23,-5.41,CC45CCC2C(CCC3CC1SC1CC23C)C4CCC5O
mannitol,0.647,1,182.172,6,0,5,121.38,0.06,OCC(O)C(O)C(O)C(O)CO 
DEF,-4.074,1,314.5220000000001,0,0,12,17.07,-5.14,CCCCSP(=O)(SCCCC)SCCCC
Diosgenin,-5.681,1,414.63000000000017,1,6,0,38.69,-7.32,C1C(O)CCC2(C)CC3CCC4(C)C5(C)CC6OCC(C)CC6OC5CC4C3C=C21
Glafenine,-5.052,1,372.80800000000016,3,3,6,91.68,-4.571000000000001,OCC(O)COC(=O)c1ccccc1Nc2ccnc3cc(Cl)ccc23
butallylonal,-2.766,1,303.156,2,1,4,75.27000000000001,-2.647,CCC(C)C1(CC(Br)=C)C(=O)NC(=O)NC1=O 
o-Chloroaniline,-2.392,1,127.574,1,1,0,26.02,-1.52,Nc1ccccc1Cl
Quintozene,-5.098,1,295.336,0,1,1,43.14,-5.82,Clc1c(Cl)c(Cl)c(N(=O)=O)c(Cl)c1Cl
chloroacetamide,-0.106,1,93.513,1,0,1,43.09,-0.02,NC(=O)CCl 
2-Chlorobiphenyl,-4.5280000000000005,1,188.657,0,2,1,0.0,-4.54,Clc1ccccc1c2ccccc2
acetyl sulfisoxazole,-2.024,1,293.34800000000007,1,2,3,89.43,-3.59,CC(=O)N(S(=O)c1ccc(N)cc1)c2onc(C)c2C 
2-Bromotoluene,-3.667,1,171.03699999999998,0,1,0,0.0,-2.23,Cc1ccccc1Br
Ethyl vinyl ether,-0.857,1,72.10700000000001,0,0,2,9.23,-0.85,CCOC=C
2-hydroxypteridine,-1.404,1,148.125,1,2,0,71.79,-1.947,Oc2ncc1nccnc1n2
Mecarbam,-3.738,1,329.3800000000001,0,0,8,65.07000000000001,-2.518,CCOC(=O)N(C)C(=O)CSP(=S)(OCC)OCC
6-hydroxyquinoline,-2.725,1,145.161,1,2,0,33.120000000000005,-2.16,Oc2ccc1ncccc1c2 
2-methoxypteridine,-1.589,1,162.152,0,2,1,60.790000000000006,-1.11,COc2ncc1nccnc1n2
2-Nitropropane,-0.743,1,89.094,0,0,1,43.14,-0.62,CC(C)N(=O)=O
Dexamethasone,-3.4,1,392.4670000000002,3,4,2,94.83,-3.59,CC1CC2C3CCC4=CC(=O)C=CC4(C)C3(F)C(O)CC2(C)C1(O)C(=O)CO
Chloramphenicol,-2.613,1,323.13200000000006,3,1,6,112.70000000000002,-2.111,OCC(NC(=O)C(Cl)Cl)C(O)c1ccc(cc1)N(=O)=O
Niridazole,-1.948,1,214.206,1,2,2,88.37,-3.22,O=C1NCCN1c2ncc(s2)N(=O)=O
"1,4-Pentadiene ",-1.758,1,68.119,0,0,2,0.0,-2.09,C=CCC=C
2-cyanoguanidine,0.361,1,84.082,2,0,0,88.19,-0.31,NC(N)=NC#N 
Mebendazole,-4.118,1,295.298,2,3,3,84.07999999999998,-3.88,COC(=O)Nc2nc1ccc(cc1[nH]2)C(=O)c3ccccc3
Eicosane,-7.576,1,282.5559999999999,0,0,17,0.0,-8.172,CCCCCCCCCCCCCCCCCCCC
borneol,-2.423,1,154.253,1,2,0,20.23,-2.32,CC1(C)C2CCC1(C)C(O)C2
Chlorbromuron,-3.938,1,293.548,1,1,2,41.57,-3.924,CON(C)C(=O)Nc1ccc(Br)c(Cl)c1
"2,2,4-Trimethylpentane",-3.276,1,114.232,0,0,1,0.0,-4.74,CC(C)CC(C)(C)C
methyl laurate,-4.025,1,214.349,0,0,10,26.3,-4.69,CCCCCCCCCCCC(=O)OC
RTI 10,-2.7710000000000004,1,226.235,0,3,0,42.43,-3.672,O2c1ccccc1N(C)C(=O)c3cccnc23 
Oxycarboxin,-2.169,1,267.306,1,2,2,72.47,-2.281,CC1=C(C(=O)Nc2ccccc2)S(=O)(=O)CCO1
p-Nitrotoluene,-2.64,1,137.138,0,1,1,43.14,-2.49,Cc1ccc(cc1)N(=O)=O
t-Crotonaldehyde,-0.604,1,70.09100000000001,0,0,1,17.07,0.32,C/C=C/C=O
"2,3-Dichloronitrobenzene",-3.322,1,192.00100000000003,0,1,1,43.14,-3.48,O=N(=O)c1c(Cl)c(Cl)ccc1
3-methylindole,-2.9810000000000003,1,131.17799999999997,1,2,0,15.79,-2.42,Cc1c[nH]c2ccccc12 
Fructose,0.471,1,180.156,5,1,2,110.38,0.64,OCC1OC(O)(CO)C(O)C1O
Succinimide,0.282,1,99.089,1,1,0,46.17,0.3,O=C1CCC(=O)N1
"1,2,4-Trimethylbenzene",-3.343,1,120.195,0,1,0,0.0,-3.31,Cc1ccc(C)c(C)c1
styrene oxide,-1.826,2,120.15099999999995,0,2,1,12.53,-1.6,C1OC1c2ccccc2 
2-Ethyltoluene,-3.2960000000000003,1,120.19499999999996,0,1,1,0.0,-3.21,CCc1ccccc1C
3-Chloroanisole,-3.057,1,142.58499999999998,0,1,1,9.23,-2.78,COc1cccc(Cl)c1
4-hexylresorcinol,-3.4930000000000003,1,194.27399999999992,2,1,5,40.46,-2.59,c1(O)cc(O)ccc1CCCCCC
D-fenchone,-2.158,1,152.237,0,2,0,17.07,-1.85,CC2(C)C1CCC(C)(C1)C2=O
2-Ethylbutanal,-1.523,1,100.161,0,0,3,17.07,-1.52,CCC(CC)C=O
1-Methylcyclohexene ,-2.574,1,96.17300000000002,0,1,0,0.0,-3.27,CC1=CCCCC1
"1,1,2,2-Tetrachloroethane",-2.549,1,167.85,0,0,1,0.0,-1.74,ClC(Cl)C(Cl)Cl
Dialifor,-5.026,1,393.85400000000016,0,2,8,55.84,-6.34,CCOP(=S)(OCC)SC(CCl)N1C(=O)c2ccccc2C1=O
Barbital,-1.265,1,184.195,2,1,2,75.27000000000001,-2.4,O=C1NC(=O)NC(=O)C1(CC)CC
tubercidin,-0.892,1,266.257,4,3,2,126.65,-1.95,Nc1ncnc2n(ccc12)C3OC(CO)C(O)C3O 
Nerol,-2.603,1,154.253,1,0,4,20.23,-2.46,CC(C)=CCC/C(C)=C\CO
Androsterone,-3.882,1,290.447,1,4,0,37.3,-4.402,CC12CCC(O)CC1CCC3C2CCC4(C)C3CCC4=O
Nitroethane,-0.462,1,75.067,0,0,1,43.14,-0.22,CCN(=O)=O
glucose,0.501,1,180.156,5,1,1,110.38,0.74,OCC1OC(O)C(O)C(O)C1O
"1,1,2-Trichlorotrifluoroethane",-3.077,1,187.37500000000003,0,0,1,0.0,-3.04,FC(F)(Cl)C(F)(Cl)Cl
trans-2-Heptene ,-2.784,1,98.18899999999998,0,0,3,0.0,-3.82,CCCC/C=C/C
1-Methylphenanthrene,-4.87,1,192.261,0,3,0,0.0,-5.85,Cc1cccc2c1ccc3ccccc32
5-Ethyl-5-(3-methylbutyl)barbital,-2.312,1,226.27599999999995,2,1,4,75.27000000000001,-2.658,O=C1NC(=O)NC(=O)C1(CC)CCC(C)C
Heptachlor,-5.26,1,373.3209999999999,0,3,0,0.0,-6.317,ClC1C=CC2C1C3(Cl)C(=C(Cl)C2(Cl)C3(Cl)Cl)Cl
Ethoxyzolamide,-3.085,1,258.324,1,2,3,82.28,-3.81,CCOc2ccc1nc(sc1c2)S(N)(=O)=O 
Equilin,-3.555,1,268.356,1,4,0,37.3,-5.282,CC34CCC1C(=CCc2cc(O)ccc12)C3CCC4=O
Apazone,-2.9,1,300.3620000000001,0,3,2,56.220000000000006,-3.5380000000000003,CCCC1C(=O)N3N(C1=O)c2cc(C)ccc2N=C3N(C)C 
Chlortoluron,-3.048,1,212.68,1,1,1,32.34,-3.483,CN(C)C(=O)Nc1ccc(C)c(Cl)c1
Reverse Transcriptase inhibitor 1,-2.794,1,254.293,0,3,1,49.330000000000005,-2.62,CCN2c1ncccc1N(C)C(=O)c3cccnc23 
Tetrahydrofurane ,-0.62,2,72.107,0,1,0,9.23,0.49,C1CCOC1
"1,3-Butadiene",-1.376,1,54.09199999999999,0,0,1,0.0,-1.87,C=CC=C
6-aminochrysene,-4.849,1,243.309,1,4,0,26.02,-6.2,Nc3cc2c1ccccc1ccc2c4ccccc34 
N-Ethylaniline,-2.389,1,121.18299999999996,1,1,2,12.03,-1.7,CCNc1ccccc1
3-Methyl-2-butanol,-0.954,1,88.14999999999999,1,0,1,20.23,-0.18,CC(C)C(C)O
Norethisterone,-2.669,1,314.42500000000007,2,4,0,57.53,-4.57,CC34CCC1C(CCC2=CC(=O)CCC12O)C3CCC4(O)C#C
Fluoromethalone,-3.507,1,376.4680000000001,2,4,1,74.6,-4.099,CC1CC2C3CCC(O)(C(=O)C)C3(C)CC(O)C2(F)C4(C)C=CC(=O)C=C14
Carbofuran,-3.05,1,221.25599999999997,1,2,1,47.56,-2.8,CNC(=O)Oc1cccc2CC(C)(C)Oc12
Phenytoin,-3.057,1,252.273,2,3,2,58.2,-4.097,O=C1NC(=O)C(N1)(c2ccccc2)c3ccccc3
"2,3,3',4,4',5-PCB",-7.425,1,360.88200000000006,0,2,1,0.0,-7.82,Clc1ccc(cc1Cl)c2cc(Cl)c(Cl)c(Cl)c2Cl 
Butylbenzene,-3.585,1,134.22199999999998,0,1,3,0.0,-4.06,CCCCc1ccccc1
"Digoxin (L1=41,8mg/mL, L2=68,2mg/mL, Z=40,1mg/mL)",-5.312,1,780.9490000000001,6,8,7,203.06,-4.081,CC1OC(CC(O)C1O)OC2C(O)CC(OC2C)OC8C(O)CC(OC7CCC3(C)C(CCC4C3CC(O)C5(C)C(CCC45O)C6=CC(=O)OC6)C7)OC8C 
1-Hexene-3-ol,-1.199,1,100.161,1,0,3,20.23,-0.59,CCCC(O)C=C
DDT,-6.638,1,354.491,0,2,2,0.0,-7.15,Clc1ccc(cc1)C(c2ccc(Cl)cc2)C(Cl)(Cl)Cl
"1,4-Dichlorobenzene",-3.5580000000000003,1,147.00400000000002,0,1,0,0.0,-3.27,Clc1ccc(Cl)cc1
"2,2',4,4',5,5'-PCB",-7.343,1,360.88200000000006,0,2,1,0.0,-8.56,Clc1cc(Cl)c(cc1Cl)c2cc(Cl)c(Cl)cc2Cl 
Caffeine,-1.4980000000000002,1,194.194,0,2,0,61.82,-0.8759999999999999,Cn1cnc2n(C)c(=O)n(C)c(=O)c12
nifedipine,-4.248,1,346.33900000000017,1,2,4,107.77,-4.76,COC(=O)C1=C(C)NC(=C(C1c2ccccc2N(=O)=O)C(=O)OC)C 
Propyne,-0.672,1,40.065000000000005,0,0,0,0.0,-0.41,CC#C
Benzo(a)fluorene,-5.189,2,216.283,0,4,0,0.0,-6.68,C1c2ccccc2c3ccc4ccccc4c13
1-Napthylamine,-2.721,1,143.189,1,2,0,26.02,-1.92,Nc1cccc2ccccc12
Diphenylamine,-3.857,2,169.227,1,2,2,12.03,-3.504,N(c1ccccc1)c2ccccc2
Benzotriazole,-2.21,2,119.127,1,2,0,41.57,-0.78,c2ccc1[nH]nnc1c2
Tetrachloroethylene,-3.063,1,165.834,0,0,0,0.0,-2.54,ClC(=C(Cl)Cl)Cl
RTI 11,-3.125,1,254.289,1,3,0,55.56,-3.928,O2c1ccc(N)cc1N(C)C(=O)c3cc(C)ccc23 
4-Bromophenol,-3.132,1,173.009,1,1,0,20.23,-1.09,Oc1ccc(Br)cc1
1-Nonene ,-3.427,1,126.243,0,0,6,0.0,-5.05,CCCCCCCC=C
Anilofos,-5.106,1,367.86,0,1,7,38.77,-4.432,COP(=S)(OC)SCC(=O)N(C(C)C)c1ccc(Cl)cc1
Dihexyl phthalate,-5.757999999999999,1,334.45600000000024,0,1,12,52.60000000000001,-6.144,CCCCCCOC(=O)c1ccccc1C(=O)OCCCCCC
Flutriafol,-3.569,1,301.296,1,3,4,50.94,-3.37,OC(Cn1cncn1)(c2ccc(F)cc2)c3ccccc3F
Propionitrile,-0.2689999999999999,1,55.07999999999999,0,0,0,23.79,0.28,CCC#N
5-Methyl-5-ethylbarbituric acid,-0.911,1,170.16799999999998,2,1,1,75.27000000000001,-1.228,O=C1NC(=O)NC(=O)C1(C)CC
allantoin,0.652,1,158.117,4,1,1,113.32,-1.6,NC(=O)NC1NC(=O)NC1=O 
6-Methylchrysene,-5.931,1,242.321,0,4,0,0.0,-6.57,Cc1cc2c3ccccc3ccc2c4ccccc14
Cyclohexanone,-0.996,1,98.145,0,1,0,17.07,-0.6,O=C1CCCCC1
adrenosterone,-2.99,1,300.3980000000001,0,4,0,51.21,-3.48,CC34CC(=O)C1C(CCC2=CC(=O)CCC12C)C3CCC4(=O) 
Equilenin,-3.927,1,266.34,1,4,0,37.3,-5.24,CC34CCc1c(ccc2cc(O)ccc12)C3CCC4=O
1-aminoacridine,-3.542,1,194.237,1,3,0,38.91,-4.22,Nc2cccc3nc1ccccc1cc23 
Betamethasone-17-valerate,-5.062,1,476.5850000000002,2,4,6,100.90000000000002,-4.71,CCCCC(=O)OC3(C(C)CC4C2CCC1=CC(=O)C=CC1(C)C2(F)C(O)CC34C)C(=O)CO
Ethyl heptanoate,-2.608,1,158.241,0,0,6,26.3,-2.74,CCCCCCC(=O)OCC
m-Chlorobromobenzene,-3.928,1,191.455,0,1,0,0.0,-3.21,Clc1cccc(Br)c1
Bromochloromethane,-1.519,1,129.384,0,0,0,0.0,-0.89,ClCBr
Amitrole,-0.674,1,84.082,2,1,0,67.59,0.522,Nc1nc[nH]n1
4-Methyl-2-pentanol,-1.308,1,102.17699999999998,1,0,2,20.23,-0.8,CC(C)CC(C)O
Phenylthiourea,-1.7009999999999998,1,152.22199999999998,2,1,1,38.05,-1.77,NC(=S)Nc1ccccc1
Methyl nonanoate,-2.962,1,172.268,0,0,7,26.3,-3.38,CCCCCCCCC(=O)OC
pyracarbolid,-2.83,1,217.26800000000003,1,2,2,38.33,-2.56,CC1=C(CCCO1)C(=O)Nc2ccccc2 
Phorate,-3.747,1,260.386,0,0,8,18.46,-4.11,CCOP(=S)(OCC)SCSCC
d-inositol,-0.887,1,180.156,6,1,0,121.38,0.35,OC1C(O)C(O)C(O)C(O)C1O
Fluoranthene,-4.957,2,202.256,0,4,0,0.0,-6.0,c1ccc2c(c1)c3cccc4cccc2c34
3-Ethanoyloxymethylphenytoin,-2.7230000000000003,1,324.33600000000007,1,3,4,75.71,-4.47,O=C1N(COC(=O)C)C(=O)C(N1)(c2ccccc2)c3ccccc3
Methyl formate,-0.048,1,60.05200000000001,0,0,1,26.3,0.58,COC=O
p-benzidine,-2.613,1,184.242,2,2,1,52.04,-2.7,Nc1ccc(cc1)c2ccc(N)cc2
Acridine,-3.846,2,179.22199999999998,0,3,0,12.89,-3.67,c3ccc2nc1ccccc1cc2c3
Toluene ,-2.713,1,92.141,0,1,0,0.0,-2.21,Cc1ccccc1
"2,3,4,5-Tetrachlorophenol",-4.335,1,231.893,1,1,0,20.23,-3.15,Oc1cc(Cl)c(Cl)c(Cl)c1Cl
Anisole,-2.3680000000000003,1,108.13999999999996,0,1,1,9.23,-1.85,COc1ccccc1
Isopentyl acetate,-1.817,1,130.18699999999998,0,0,3,26.3,-1.92,CC(C)CCOC(=O)C
4-Methylbiphenyl,-4.424,1,168.239,0,2,1,0.0,-4.62,Cc1ccc(cc1)c2ccccc2
Pentachloroethane,-3.382,1,202.295,0,0,0,0.0,-2.6,ClC(Cl)C(Cl)(Cl)Cl
"1,2-Dibromobenzene",-4.172,1,235.906,0,1,0,0.0,-3.5,Brc1ccccc1Br
17a-Methyltestosterone,-4.073,1,302.4580000000001,1,4,0,37.3,-3.999,CC1(O)CCC2C3CCC4=CC(=O)CCC4(C)C3CCC21C
Butyraldehyde,-0.7490000000000001,1,72.107,0,0,2,17.07,-0.01,CCCC=O
Kepone,-5.112,1,490.6390000000001,0,6,0,17.07,-5.259,ClC1(C(=O)C2(Cl)C3(Cl)C14Cl)C5(Cl)C2(Cl)C3(Cl)C(Cl)(Cl)C45Cl
methyltestosterone acetate,-4.863,1,344.4950000000001,0,4,1,43.370000000000005,-5.284,CC(=O)OC3(C)CCC4C2CCC1=CC(=O)CCC1(C)C2CCC34C 
1-Bromoheptane,-3.366,1,179.101,0,0,5,0.0,-4.43,CCCCCCCBr
3-chloropropionitrile,-0.522,1,89.525,0,0,1,23.79,-0.29,ClCCC#N 
"3,3-Dimethyl-2-butanol",-1.2919999999999998,1,102.177,1,0,0,20.23,-0.62,CC(O)C(C)(C)C
Tetrabromomethane,-4.063,1,331.62699999999995,0,0,0,0.0,-3.14,BrC(Br)(Br)Br
Digitoxin,-6.114,1,764.9499999999999,5,8,7,182.83,-5.292999999999999,CC1OC(CC(O)C1O)OC2C(O)CC(OC2C)OC8C(O)CC(OC7CCC3(C)C(CCC4C3CCC5(C)C(CCC45O)C6=CC(=O)OC6)C7)OC8C 
9-anthrol,-4.148,1,194.233,1,3,0,20.23,-4.73,c3ccc2c(O)c1ccccc1cc2c3 
Heptane,-2.97,1,100.205,0,0,4,0.0,-4.53,CCCCCCC
"2,4-Dimethylpentane",-2.938,1,100.20499999999998,0,0,2,0.0,-4.26,CC(C)CC(C)C
"2,4-Dimethylphenol",-2.6210000000000004,1,122.167,1,1,0,20.23,-1.19,Cc1ccc(O)c(C)c1
Thiophenol ,-2.758,1,110.18099999999995,1,1,0,0.0,-2.12,Sc1ccccc1
Butethal,-1.974,1,212.249,2,1,4,75.27000000000001,-1.661,CCCCC1(CC)C(=O)NC(=O)NC1=O
Carbetamide,-2.29,1,236.271,2,1,4,67.42999999999999,-1.83,c1c(NC(=O)OC(C)C(=O)NCC)cccc1
Pyrimidine,-0.884,2,80.08999999999999,0,1,0,25.78,1.1,c1cncnc1
Tetrachloromethane,-2.607,1,153.823,0,0,0,0.0,-2.31,ClC(Cl)(Cl)Cl
5-hydroxyquinoline,-2.725,1,145.161,1,2,0,33.120000000000005,-2.54,Oc1cccc2ncccc12 
Methyl pentanoate,-1.545,1,116.15999999999998,0,0,3,26.3,-1.36,CCCC(=O)OCC
Prometon,-3.448,1,225.296,2,1,5,71.96000000000001,-2.478,COc1nc(NC(C)C)nc(NC(C)C)n1
"2,2,3-Trimethylbutane",-2.922,1,100.20499999999998,0,0,0,0.0,-4.36,CC(C)C(C)(C)C
Cycloheptyl-5-spirobarbituric acid,-1.844,1,210.233,2,2,0,75.27,-3.168,O=C2NC(=O)C1(CCCCCC1)C(=O)N2 
chlorpyrifos,-4.972,1,350.591,0,1,6,40.58,-5.67,CCOP(=S)(OCC)Oc1nc(Cl)c(Cl)cc1Cl 
Lactose,1.071,1,342.297,8,2,4,189.53,-0.244,OCC1OC(OC2C(O)C(O)C(O)OC2CO)C(O)C(O)C1O
RTI 22,-4.408,1,296.374,1,3,2,48.47,-4.871,CCN2c1cc(N(C)C)cc(C)c1NC(=O)c3cccnc23 
aminopyrine,-2.129,1,231.299,0,2,2,30.17,-0.364,CN(C)c2c(C)n(C)n(c1ccccc1)c2=O 
"1,2,4,5-Tetrachlorobenzene",-4.621,1,215.894,0,1,0,0.0,-5.56,Clc1cc(Cl)c(Cl)cc1Cl
"2,3-Dimethylbutane",-2.584,1,86.178,0,0,1,0.0,-3.65,CC(C)C(C)C
Propylcyclopentane,-3.16,1,112.216,0,1,2,0.0,-4.74,CCCC1CCCC1
Lenacil,-3.355,1,234.29899999999995,1,3,1,54.86,-4.593999999999999,O=c2[nH]c1CCCc1c(=O)n2C3CCCCC3
Tricyclazole,-2.8680000000000003,1,189.243,0,3,0,30.19,-2.07,Cc2cccc3sc1nncn1c23 
citral,-2.579,1,152.237,0,0,4,17.07,-2.06,CC(C)=CCCC(C)=CC(=O)
Thiourea,0.3289999999999999,1,76.12400000000001,2,0,0,52.04,0.32,NC(=S)N
Deoxycorticosterone,-3.939,1,330.4680000000001,1,4,2,54.370000000000005,-3.45,CC12CCC3C(CCC4=CC(=O)CCC34C)C2CCC1C(=O)CO
5-Allyl-5-ethylbarbital,-1.368,1,196.206,2,1,3,75.27000000000001,-1.614,O=C1NC(=O)NC(=O)C1(CC)CC=C
Altretamine,-2.492,1,210.285,0,1,3,48.39000000000001,-3.364,CN(C)c1nc(nc(n1)N(C)C)N(C)C
Fenpropathrin,-6.15,1,349.43000000000006,0,3,5,59.32000000000001,-6.025,CC1(C)C(C(=O)OC(C#N)c2cccc(Oc3ccccc3)c2)C1(C)C
Carvacrol,-3.224,1,150.22099999999998,1,1,1,20.23,-2.08,c1(O)c(C)ccc(C(C)C)c1
"P,P'-DDE",-6.553,1,318.0300000000001,0,2,2,0.0,-6.9,ClC(Cl)=C(c1ccc(Cl)cc1)c2ccc(Cl)cc2
Aniline ,-1.632,1,93.129,1,1,0,26.02,-0.41,Nc1ccccc1
"2,2-Dimethylbutane",-2.584,1,86.17799999999998,0,0,0,0.0,-3.55,CCC(C)(C)C
Salicin,-0.975,1,286.28,5,2,4,119.61,-0.85,OCC2OC(Oc1ccccc1CO)C(O)C(O)C2O
Glyceryl triacetate,-1.285,1,218.205,0,0,5,78.9,-0.6,CC(=O)OCC(COC(=O)C)OC(=O)C
Epiandrosterone,-3.882,1,290.447,1,4,0,37.3,-4.16,CC34CCC1C(CCC2CC(O)CCC12C)C3CCC4=O
Sulfallate,-3.254,1,223.794,0,0,4,3.24,-3.39,CCN(CC)C(=S)SCC(Cl)=C
m-Chloroaniline,-2.392,1,127.574,1,1,0,26.02,-1.37,Nc1cccc(Cl)c1
Ethylene,-0.815,1,28.053999999999995,0,0,0,0.0,-0.4,C=C
"2,3,4,6-Tetrachlorophenol",-4.203,1,231.893,1,1,0,20.23,-3.1,Oc1c(Cl)cc(Cl)c(Cl)c1Cl
2-Methylpropane,-1.891,1,58.124,0,0,0,0.0,-2.55,CC(C)C
Indan,-3.057,2,118.17899999999996,0,2,0,0.0,-3.04,C1Cc2ccccc2C1
hydroxychlordene,-4.156000000000001,1,354.8749999999999,1,3,0,20.23,-5.46,OC1C=CC2C1C3(Cl)C(=C(Cl)C2(Cl)C3(Cl)Cl)Cl 
diethylstilbestrol,-5.074,1,268.356,2,2,4,40.46,-4.07,CCC(=C(CC)c1ccc(O)cc1)c2ccc(O)cc2 
1-Nitropropane,-0.816,1,89.09399999999998,0,0,2,43.14,-0.8,CCCN(=O)=O
2-Octanol,-2.033,1,130.231,1,0,5,20.23,-2.09,CCCCCCC(C)O
Carbaryl,-3.087,1,201.225,1,2,1,38.33,-3.224,CNC(=O)Oc1cccc2ccccc12
aldosterone,-3.0660000000000003,1,360.4500000000001,2,4,3,91.67000000000002,-3.85,CC13CCC(=O)C=C1CCC4C2CCC(C(=O)CO)C2(CC(O)C34)C=O 
2-Methyl-3-pentanol,-1.308,1,102.177,1,0,2,20.23,-0.7,CCC(O)C(C)C
Terbumeton,-3.505,1,225.296,2,1,4,71.96000000000001,-3.239,CCNc1nc(NC(C)(C)C)nc(OC)n1
1-Propanol,-0.3339999999999999,1,60.096,1,0,1,20.23,0.62,CCCO
Propane,-1.5530000000000002,1,44.097,0,0,0,0.0,-1.94,CCC
salicylanilide,-3.782,1,213.236,2,2,2,49.33,-3.59,c1ccccc1NC(=O)c2c(O)cccc2
Cyclohexanol ,-1.261,1,100.161,1,1,0,20.23,-0.44,OC1CCCCC1
p-Cresol,-2.313,1,108.14,1,1,0,20.23,-0.73,Cc1ccc(O)cc1
O-Ethyl carbamate,-0.218,1,89.09400000000001,1,0,1,52.32,0.85,CCOC(=O)N
"2,2',3,4,4',5',6-PCB",-7.898,1,395.3270000000001,0,2,1,0.0,-7.92,Clc1ccc(c(Cl)c1)c2c(Cl)c(Cl)c(Cl)c(Cl)c2Cl
"1,3-Dichloropropane",-1.618,1,112.987,0,0,2,0.0,-1.62,ClCCCCl
Methylcyclopentane,-2.452,1,84.162,0,1,0,0.0,-3.3,CC1CCCC1
Phenanthrene,-4.518,2,178.23399999999998,0,3,0,0.0,-5.26,c1ccc2c(c1)ccc3ccccc32
Dieldrin,-4.533,1,380.913,0,5,0,12.53,-6.29,ClC4=C(Cl)C5(Cl)C3C1CC(C2OC12)C3C4(Cl)C5(Cl)Cl
dimethirimol,-3.57,1,209.293,1,1,4,49.25000000000001,-2.24,CCCCc1c(C)nc(nc1O)N(C)C 
2-Bromonapthalene,-4.434,1,207.07,0,2,0,0.0,-4.4,Brc1ccc2ccccc2c1
Dimethyldisulfide,-1.524,1,94.204,0,0,1,0.0,-1.44,CSSC
Ethyl formate,-0.402,1,74.07900000000001,0,0,2,26.3,0.15,CCOC=O
"3,4-PCB",-5.223,1,223.102,0,2,1,0.0,-6.39,Clc1ccc(cc1Cl)c2ccccc2 
Chrysene,-5.568,2,228.294,0,4,0,0.0,-8.057,c1ccc2c(c1)ccc3c4ccccc4ccc23
m-Chloronitrobenzene ,-2.901,1,157.55599999999998,0,1,1,43.14,-2.77,Clc1cccc(c1)N(=O)=O
butacarb,-4.642,1,263.381,1,1,1,38.33,-4.24,c1(C(C)(C)C)cc(C(C)(C)C)cc(OC(=O)NC)c1
Sulfanilamide,-0.954,1,172.20899999999995,2,1,1,86.18,-1.34,Nc1ccc(cc1)S(N)(=O)=O
Octane,-3.324,1,114.232,0,0,5,0.0,-5.24,CCCCCCCC
Triazolam,-3.948,1,343.2170000000001,0,4,1,43.07,-4.09,Cc3nnc4CN=C(c1ccccc1Cl)c2cc(Cl)ccc2n34
Benfuracarb,-5.132999999999999,1,410.5360000000002,0,2,8,68.31,-4.71,CCOC(=O)CCN(SN(C)C(=O)Oc1cccc2CC(C)(C)Oc21)C(C)C
Nitrofen,-5.361000000000001,1,284.098,0,2,3,52.37,-5.46,Clc2ccc(Oc1ccc(cc1)N(=O)=O)c(Cl)c2
Ethisterone,-3.858,1,312.45300000000003,1,4,0,37.3,-5.66,CC12CCC(=O)C=C1CCC3C2CCC4(C)C3CCC4(O)C#C 
Methyl decanoate,-3.3160000000000003,1,186.295,0,0,8,26.3,-4.69,CCCCCCCCCC(=O)OC
Deltamethrin,-7.44,1,505.2060000000002,0,3,6,59.32000000000001,-8.402000000000001,CC1(C)C(C=C(Br)Br)C1C(=O)OC(C#N)c2cccc(Oc3ccccc3)c2
1-Chloropentane,-2.294,1,106.596,0,0,3,0.0,-2.73,CCCCCCl
pregnenolone,-4.342,1,316.48500000000007,1,4,1,37.3,-4.65,CC(=O)C3CCC4C2CC=C1CC(O)CCC1(C)C2CCC34C 
1-Bromobutane,-2.303,1,137.01999999999998,0,0,2,0.0,-2.37,CCCCBr
"2,3',4,4',5-PCB",-7.343,1,360.88200000000006,0,2,1,0.0,-7.39,Clc1ccc(c(Cl)c1)c2cc(Cl)c(Cl)c(Cl)c2Cl 
Niclosamide,-5.032,1,327.1230000000001,2,2,3,92.47,-4.7,Oc1ccc(Cl)cc1C(=O)Nc2ccc(cc2Cl)N(=O)=O
Stirofos,-4.32,1,365.96400000000006,0,1,5,44.760000000000005,-4.522,COP(=O)(OC)OC(=CCl)c1cc(Cl)c(Cl)cc1Cl
Isocarboxazid,-2.251,1,231.255,2,2,4,67.16,-2.461,Cc1cc(no1)C(=O)NNCc2ccccc2
Dapsone,-2.464,1,248.307,2,2,2,86.18,-3.094,Nc1ccc(cc1)S(=O)(=O)c2ccc(N)cc2
Napthalene,-3.468,2,128.17399999999995,0,2,0,0.0,-3.6,c1ccc2ccccc2c1
Iodomethane,-1.646,1,141.939,0,0,0,0.0,-1.0,CI
"4,4'-PCB",-5.299,1,223.102,0,2,1,0.0,-6.56,Clc1ccc(cc1)c2ccc(Cl)cc2 
uric acid,-0.541,1,168.112,4,2,0,114.36999999999998,-3.93,O=c2[nH]c(=O)c1[nH]c(=O)[nH]c1[nH]2 
Oxamyl,-0.908,1,219.266,1,0,1,70.99999999999999,0.106,CNC(=O)ON=C(SC)C(=O)N(C)C
Acetamide,0.494,1,59.068,1,0,0,43.09,1.58,CC(=O)N
Triallate,-4.578,1,304.67,0,0,4,20.31,-4.88,CC(C)N(C(C)C)C(=O)SCC(Cl)=C(Cl)Cl
diphenamid,-3.147,1,239.318,0,2,3,20.31,-2.98,CN(C)C(=O)C(c1ccccc1)c2ccccc2 
ampyrone,-1.192,1,203.245,1,2,1,52.95,-0.624,Cc2c(N)c(=O)n(c1ccccc1)n2C
Furfural,-1.391,1,96.08499999999998,0,1,1,30.21,-0.1,O=Cc1ccco1
Khellin,-3.603,1,260.24499999999995,0,3,2,61.81,-3.0210000000000004,COc2c1occc1c(OC)c3c(=O)cc(C)oc23 
Styrene,-2.85,1,104.15199999999996,0,1,1,0.0,-2.82,C=Cc1ccccc1
eucalyptol,-2.579,1,154.253,0,3,0,9.23,-1.64,CC12CCC(CC1)C(C)(C)O2 
Butabarbital,-1.958,1,212.249,2,1,3,75.27000000000001,-2.39,O=C1NC(=O)NC(=O)C1(CC)C(C)CC
8-quinolinol,-2.725,1,145.16099999999997,1,2,0,33.120000000000005,-2.42,Oc1cccc2cccnc12 
"2,2',3,3'-PCB",-6.079,1,291.992,0,2,1,0.0,-7.28,Clc1cccc(c1Cl)c2cccc(Cl)c2Cl
brompyrazone,-3.005,1,266.098,1,2,1,60.91,-3.127,c1ccccc1n2ncc(N)c(Br)c2(=O)
